<?xml version = '1.0' encoding = 'UTF-8'?>
<Relation class="oracle.dbtools.crest.model.design.logical.Relation" name="UNIDAD_MEDICO" directorySegmentName="seg_0" id="02167C05-95F5-9156-40F3-B66BB21C8A3E">
<createdBy>Jennifer</createdBy>
<createdTime>2025-09-13 21:23:31 UTC</createdTime>
<ownerDesignName>Exp2_S5_Jennifer_Gonzalez_CasoCentroMedico</ownerDesignName>
<engineerTo>
<item key="7EF82A71-1278-1AC9-B9CA-AF848AA55D42" value="true"/>
</engineerTo>
<sourcePk>856BA77E-E8BD-0433-1063-461EBB8F029B</sourcePk>
<identifying>false</identifying>
<nameOnSource>tiene</nameOnSource>
<nameOnTarget>pertenece</nameOnTarget>
<optionalSource>true</optionalSource>
<optionalTarget>false</optionalTarget>
<sourceCardinality>1</sourceCardinality>
<sourceEntity>B85F4DA8-6F51-4374-9FBA-3B75334575C6</sourceEntity>
<targetCardinalityString>*</targetCardinalityString>
<targetEntity>A4DC541D-2663-5D96-5E57-E163AC0D921D</targetEntity>
<transferable>true</transferable>
<deleteRule>NO ACTION</deleteRule>
</Relation>