<?xml version = '1.0' encoding = 'UTF-8'?>
<Relation class="oracle.dbtools.crest.model.design.logical.Relation" name="COMUNA_REGION" directorySegmentName="seg_0" id="043A5CFD-607D-450A-77DE-CF2971C3BA15">
<createdBy>jennifer</createdBy>
<createdTime>2025-09-12 20:07:16 UTC</createdTime>
<ownerDesignName>Exp2_S5_Jennifer_Gonzalez_CasoCentroMedico</ownerDesignName>
<engineerTo>
<item key="7EF82A71-1278-1AC9-B9CA-AF848AA55D42" value="true"/>
</engineerTo>
<sourcePk>C61BE935-4A6C-8F50-E56E-F38D51D71250</sourcePk>
<identifying>false</identifying>
<nameOnSource>tiene</nameOnSource>
<nameOnTarget>pertence</nameOnTarget>
<optionalSource>false</optionalSource>
<optionalTarget>false</optionalTarget>
<sourceCardinality>1</sourceCardinality>
<sourceEntity>C7FD5EA9-6E9D-6D61-63EA-BBF5D4342484</sourceEntity>
<targetCardinalityString>*</targetCardinalityString>
<targetEntity>85225259-7EE4-F411-DCDE-1F201BB56023</targetEntity>
<transferable>true</transferable>
<deleteRule>NO ACTION</deleteRule>
</Relation>