<?xml version = '1.0' encoding = 'UTF-8'?>
<Relation class="oracle.dbtools.crest.model.design.logical.Relation" name="PACIENTE_COMUNA" directorySegmentName="seg_0" id="18BEFBB7-3797-43DF-9F31-2A58CDD7ABD2">
<createdBy>jennifer</createdBy>
<createdTime>2025-09-12 20:12:08 UTC</createdTime>
<ownerDesignName>Exp2_S5_Jennifer_Gonzalez_CasoCentroMedico</ownerDesignName>
<engineerTo>
<item key="7EF82A71-1278-1AC9-B9CA-AF848AA55D42" value="true"/>
</engineerTo>
<sourcePk>1F03B01D-84F3-0B97-15BA-F0B909D78A06</sourcePk>
<identifying>false</identifying>
<nameOnSource>tiene</nameOnSource>
<nameOnTarget>pertenece</nameOnTarget>
<optionalSource>true</optionalSource>
<optionalTarget>false</optionalTarget>
<sourceCardinality>1</sourceCardinality>
<sourceEntity>85225259-7EE4-F411-DCDE-1F201BB56023</sourceEntity>
<targetCardinalityString>*</targetCardinalityString>
<targetEntity>7040ABF4-8E34-04F8-1419-561947FE899C</targetEntity>
<transferable>true</transferable>
<deleteRule>NO ACTION</deleteRule>
</Relation>