<?xml version = '1.0' encoding = 'UTF-8'?>
<Relation class="oracle.dbtools.crest.model.design.logical.Relation" name="AFP_MEDICO" directorySegmentName="seg_0" id="247D0E9B-6AD5-2BFE-E847-22AA720D638A">
<createdBy>jennifer</createdBy>
<createdTime>2025-09-12 20:44:11 UTC</createdTime>
<ownerDesignName>Exp2_S5_Jennifer_Gonzalez_CasoCentroMedico</ownerDesignName>
<engineerTo>
<item key="7EF82A71-1278-1AC9-B9CA-AF848AA55D42" value="true"/>
</engineerTo>
<sourcePk>D2229930-D833-0B11-62CC-51E4ABBF845C</sourcePk>
<identifying>false</identifying>
<nameOnSource>vinculada</nameOnSource>
<nameOnTarget>afiliado</nameOnTarget>
<optionalSource>true</optionalSource>
<optionalTarget>false</optionalTarget>
<sourceCardinality>1</sourceCardinality>
<sourceEntity>B142D651-6980-CC37-96F0-30BB03976C24</sourceEntity>
<targetCardinalityString>*</targetCardinalityString>
<targetEntity>A4DC541D-2663-5D96-5E57-E163AC0D921D</targetEntity>
<transferable>true</transferable>
<deleteRule>NO ACTION</deleteRule>
</Relation>