<?xml version = '1.0' encoding = 'UTF-8'?>
<Relation class="oracle.dbtools.crest.model.design.logical.Relation" name="TIPO_PACIENTE" directorySegmentName="seg_0" id="2EE41663-72D5-D91F-37E8-A0FFFE97660F">
<createdBy>jennifer</createdBy>
<createdTime>2025-09-13 03:24:39 UTC</createdTime>
<ownerDesignName>Exp2_S5_Jennifer_Gonzalez_CasoCentroMedico</ownerDesignName>
<engineerTo>
<item key="7EF82A71-1278-1AC9-B9CA-AF848AA55D42" value="true"/>
</engineerTo>
<sourcePk>5E7B9983-5B98-93B3-592C-B7B77AEEBD38</sourcePk>
<identifying>false</identifying>
<nameOnSource>ser</nameOnSource>
<nameOnTarget>es</nameOnTarget>
<optionalSource>true</optionalSource>
<optionalTarget>false</optionalTarget>
<sourceCardinality>1</sourceCardinality>
<sourceEntity>F3D88AEE-A73A-48AA-FD38-0397E171404B</sourceEntity>
<targetCardinalityString>*</targetCardinalityString>
<targetEntity>7040ABF4-8E34-04F8-1419-561947FE899C</targetEntity>
<transferable>true</transferable>
<deleteRule>NO ACTION</deleteRule>
</Relation>