<?xml version = '1.0' encoding = 'UTF-8'?>
<Relation class="oracle.dbtools.crest.model.design.logical.Relation" name="TIPO_ATENCION" directorySegmentName="seg_0" id="3CE1DDC6-B8A3-259B-C092-ED59A4D18799">
<createdBy>jennifer</createdBy>
<createdTime>2025-09-12 21:27:57 UTC</createdTime>
<ownerDesignName>Exp2_S5_Jennifer_Gonzalez_CasoCentroMedico</ownerDesignName>
<engineerTo>
<item key="7EF82A71-1278-1AC9-B9CA-AF848AA55D42" value="true"/>
</engineerTo>
<sourcePk>70D82D39-201E-26EA-DC29-079EA4D2AD5B</sourcePk>
<identifying>false</identifying>
<nameOnSource>pertence</nameOnSource>
<nameOnTarget>tiene</nameOnTarget>
<optionalSource>true</optionalSource>
<optionalTarget>false</optionalTarget>
<sourceCardinality>1</sourceCardinality>
<sourceEntity>1EFAC578-D0D9-5D0A-A77A-29D2C0D6503D</sourceEntity>
<targetCardinalityString>*</targetCardinalityString>
<targetEntity>5F8D0392-A48E-2765-664C-2EB45D663037</targetEntity>
<transferable>true</transferable>
<deleteRule>NO ACTION</deleteRule>
</Relation>