<?xml version = '1.0' encoding = 'UTF-8'?>
<Relation class="oracle.dbtools.crest.model.design.logical.Relation" name="GENERO_PACIENTE" directorySegmentName="seg_0" id="46D440D7-F7E0-733D-677E-7A15E26370B9">
<createdBy>jennifer</createdBy>
<createdTime>2025-09-12 21:32:40 UTC</createdTime>
<ownerDesignName>Exp2_S5_Jennifer_Gonzalez_CasoCentroMedico</ownerDesignName>
<engineerTo>
<item key="7EF82A71-1278-1AC9-B9CA-AF848AA55D42" value="true"/>
</engineerTo>
<sourcePk>EB8660A5-E894-6245-C822-1BF6DA01FD94</sourcePk>
<identifying>false</identifying>
<nameOnSource>pertenece</nameOnSource>
<nameOnTarget>tiene</nameOnTarget>
<optionalSource>true</optionalSource>
<optionalTarget>false</optionalTarget>
<sourceCardinality>1</sourceCardinality>
<sourceEntity>59EE7CD6-1DED-3162-004E-ECF9336800DB</sourceEntity>
<targetCardinalityString>*</targetCardinalityString>
<targetEntity>7040ABF4-8E34-04F8-1419-561947FE899C</targetEntity>
<transferable>true</transferable>
<deleteRule>NO ACTION</deleteRule>
</Relation>