<?xml version = '1.0' encoding = 'UTF-8'?>
<Relation class="oracle.dbtools.crest.model.design.logical.Relation" name="MODALIDAD_ATENCION" directorySegmentName="seg_0" id="6506E574-E28F-2E83-A020-CD100A4853AC">
<createdBy>Jennifer</createdBy>
<createdTime>2025-09-13 23:06:01 UTC</createdTime>
<ownerDesignName>Exp2_S5_Jennifer_Gonzalez_CasoCentroMedico</ownerDesignName>
<engineerTo>
<item key="7EF82A71-1278-1AC9-B9CA-AF848AA55D42" value="true"/>
</engineerTo>
<sourcePk>1F14EF9B-E99C-A686-5D6B-AB7585316DB5</sourcePk>
<identifying>false</identifying>
<nameOnSource>pertenece</nameOnSource>
<nameOnTarget>tiene</nameOnTarget>
<optionalSource>true</optionalSource>
<optionalTarget>false</optionalTarget>
<sourceCardinality>1</sourceCardinality>
<sourceEntity>D063170A-7956-8CC6-402E-AA7ACA49B28E</sourceEntity>
<targetCardinalityString>*</targetCardinalityString>
<targetEntity>5F8D0392-A48E-2765-664C-2EB45D663037</targetEntity>
<transferable>true</transferable>
<deleteRule>NO ACTION</deleteRule>
</Relation>