<?xml version = '1.0' encoding = 'UTF-8'?>
<Relation class="oracle.dbtools.crest.model.design.logical.Relation" name="ATENCION_PAGO" directorySegmentName="seg_0" id="7A42BE27-E408-598A-EA1F-B510B0A716D3">
<createdBy>jennifer</createdBy>
<createdTime>2025-09-12 21:01:15 UTC</createdTime>
<ownerDesignName>Exp2_S5_Jennifer_Gonzalez_CasoCentroMedico</ownerDesignName>
<engineerTo>
<item key="7EF82A71-1278-1AC9-B9CA-AF848AA55D42" value="true"/>
</engineerTo>
<sourcePk>9A92E287-4FD9-A97D-C55C-34758C8BA314</sourcePk>
<targetPk>0BFDA6C5-3033-D158-E730-9731C949F60F</targetPk>
<identifying>false</identifying>
<nameOnSource>pagada</nameOnSource>
<nameOnTarget>paga</nameOnTarget>
<optionalSource>false</optionalSource>
<optionalTarget>false</optionalTarget>
<sourceCardinality>1</sourceCardinality>
<sourceEntity>5F8D0392-A48E-2765-664C-2EB45D663037</sourceEntity>
<targetCardinalityString>1</targetCardinalityString>
<targetEntity>1F1E0034-42A1-F17C-9482-792B856D7265</targetEntity>
<transferable>true</transferable>
<deleteRule>NO ACTION</deleteRule>
</Relation>