<?xml version = '1.0' encoding = 'UTF-8'?>
<Relation class="oracle.dbtools.crest.model.design.logical.Relation" name="PACIENTE_ATENCION" directorySegmentName="seg_0" id="B3905611-BD81-7BA6-ADE7-483786D1A87C">
<createdBy>jennifer</createdBy>
<createdTime>2025-09-12 20:15:42 UTC</createdTime>
<ownerDesignName>Exp2_S5_Jennifer_Gonzalez_CasoCentroMedico</ownerDesignName>
<engineerTo>
<item key="7EF82A71-1278-1AC9-B9CA-AF848AA55D42" value="true"/>
</engineerTo>
<sourcePk>43C230EA-64D6-DDA5-6634-65E07B8C0FD7</sourcePk>
<identifying>false</identifying>
<nameOnSource>agenda</nameOnSource>
<nameOnTarget>registra</nameOnTarget>
<optionalSource>true</optionalSource>
<optionalTarget>false</optionalTarget>
<sourceCardinality>1</sourceCardinality>
<sourceEntity>7040ABF4-8E34-04F8-1419-561947FE899C</sourceEntity>
<targetCardinalityString>*</targetCardinalityString>
<targetEntity>5F8D0392-A48E-2765-664C-2EB45D663037</targetEntity>
<transferable>true</transferable>
<deleteRule>NO ACTION</deleteRule>
</Relation>