<?xml version = '1.0' encoding = 'UTF-8'?>
<Relation class="oracle.dbtools.crest.model.design.logical.Relation" name="SUPERVISION_MEDICO" directorySegmentName="seg_0" id="CB453F0C-0367-F4ED-B6DE-729C8B4B8540">
<createdBy>jennifer</createdBy>
<createdTime>2025-09-13 03:09:58 UTC</createdTime>
<ownerDesignName>Exp2_S5_Jennifer_Gonzalez_CasoCentroMedico</ownerDesignName>
<engineerTo>
<item key="7EF82A71-1278-1AC9-B9CA-AF848AA55D42" value="true"/>
</engineerTo>
<targetPk>E462FCFF-4E57-D9B7-1DDD-3A5B7EBE33D7</targetPk>
<identifying>false</identifying>
<nameOnSource>supervisa</nameOnSource>
<nameOnTarget>supervisado</nameOnTarget>
<optionalSource>true</optionalSource>
<optionalTarget>true</optionalTarget>
<sourceCardinality>1</sourceCardinality>
<sourceEntity>A4DC541D-2663-5D96-5E57-E163AC0D921D</sourceEntity>
<targetCardinalityString>*</targetCardinalityString>
<targetEntity>A4DC541D-2663-5D96-5E57-E163AC0D921D</targetEntity>
<transferable>true</transferable>
<deleteRule>NO ACTION</deleteRule>
</Relation>