<?xml version = '1.0' encoding = 'UTF-8'?>
<Relation class="oracle.dbtools.crest.model.design.logical.Relation" name="SALUD_MEDICO" directorySegmentName="seg_0" id="D0B0751F-0170-9016-0E6B-605BE6B12C44">
<createdBy>jennifer</createdBy>
<createdTime>2025-09-12 20:44:38 UTC</createdTime>
<ownerDesignName>Exp2_S5_Jennifer_Gonzalez_CasoCentroMedico</ownerDesignName>
<engineerTo>
<item key="7EF82A71-1278-1AC9-B9CA-AF848AA55D42" value="true"/>
</engineerTo>
<sourcePk>45F80663-A6DD-FD94-9FF6-10679D93F6E2</sourcePk>
<identifying>false</identifying>
<nameOnSource>vinculada</nameOnSource>
<nameOnTarget>afiliado</nameOnTarget>
<optionalSource>true</optionalSource>
<optionalTarget>false</optionalTarget>
<sourceCardinality>1</sourceCardinality>
<sourceEntity>6F8D3F9C-7FBF-66F8-590C-93900110CA73</sourceEntity>
<targetCardinalityString>*</targetCardinalityString>
<targetEntity>A4DC541D-2663-5D96-5E57-E163AC0D921D</targetEntity>
<transferable>true</transferable>
<deleteRule>NO ACTION</deleteRule>
</Relation>