<?xml version = '1.0' encoding = 'UTF-8'?>
<Relation class="oracle.dbtools.crest.model.design.logical.Relation" name="ESPECIALIDAD_MEDICO" directorySegmentName="seg_0" id="D77D11C8-0A55-F236-9047-E81740CDFD02">
<createdBy>jennifer</createdBy>
<createdTime>2025-09-12 20:41:29 UTC</createdTime>
<ownerDesignName>Exp2_S5_Jennifer_Gonzalez_CasoCentroMedico</ownerDesignName>
<engineerTo>
<item key="7EF82A71-1278-1AC9-B9CA-AF848AA55D42" value="true"/>
</engineerTo>
<sourcePk>C21718D6-CFEB-EB58-B35A-E3113AE7EDF6</sourcePk>
<identifying>false</identifying>
<nameOnSource>asociada</nameOnSource>
<nameOnTarget>tiene</nameOnTarget>
<optionalSource>true</optionalSource>
<optionalTarget>false</optionalTarget>
<sourceCardinality>1</sourceCardinality>
<sourceEntity>3E2EB977-1E9F-61DF-F6CF-65D37B3618D3</sourceEntity>
<targetCardinalityString>*</targetCardinalityString>
<targetEntity>A4DC541D-2663-5D96-5E57-E163AC0D921D</targetEntity>
<transferable>true</transferable>
<deleteRule>NO ACTION</deleteRule>
</Relation>