<?xml version = '1.0' encoding = 'UTF-8'?>
<Relation class="oracle.dbtools.crest.model.design.logical.Relation" name="SOLICITUD_ATENCION" directorySegmentName="seg_0" id="E18E6C4F-BFB8-94B0-A967-0CEAB007925E">
<createdBy>jennifer</createdBy>
<createdTime>2025-09-13 04:02:03 UTC</createdTime>
<ownerDesignName>Exp2_S5_Jennifer_Gonzalez_CasoCentroMedico</ownerDesignName>
<engineerTo>
<item key="7EF82A71-1278-1AC9-B9CA-AF848AA55D42" value="true"/>
</engineerTo>
<sourcePk>9A92E287-4FD9-A97D-C55C-34758C8BA314</sourcePk>
<identifying>false</identifying>
<nameOnSource>tener</nameOnSource>
<nameOnTarget>estar</nameOnTarget>
<optionalSource>true</optionalSource>
<optionalTarget>false</optionalTarget>
<sourceCardinality>1</sourceCardinality>
<sourceEntity>5F8D0392-A48E-2765-664C-2EB45D663037</sourceEntity>
<targetCardinalityString>*</targetCardinalityString>
<targetEntity>C8628EA9-3CFE-56B8-F65D-E1A429D2B560</targetEntity>
<transferable>true</transferable>
<deleteRule>NO ACTION</deleteRule>
</Relation>