<?xml version = '1.0' encoding = 'UTF-8'?>
<Relation class="oracle.dbtools.crest.model.design.logical.Relation" name="SOLICITUD_EXAMEN" directorySegmentName="seg_0" id="ED102817-9F87-E459-D771-8BC00EE165B7">
<createdBy>jennifer</createdBy>
<createdTime>2025-09-13 04:01:36 UTC</createdTime>
<ownerDesignName>Exp2_S5_Jennifer_Gonzalez_CasoCentroMedico</ownerDesignName>
<engineerTo>
<item key="7EF82A71-1278-1AC9-B9CA-AF848AA55D42" value="true"/>
</engineerTo>
<sourcePk>002420B9-45A5-EF20-786E-E24B6D70C46B</sourcePk>
<identifying>false</identifying>
<nameOnSource>estar</nameOnSource>
<nameOnTarget>tener</nameOnTarget>
<optionalSource>true</optionalSource>
<optionalTarget>false</optionalTarget>
<sourceCardinality>1</sourceCardinality>
<sourceEntity>50E15A01-15FC-E94C-5D54-932650AA404A</sourceEntity>
<targetCardinalityString>*</targetCardinalityString>
<targetEntity>C8628EA9-3CFE-56B8-F65D-E1A429D2B560</targetEntity>
<transferable>true</transferable>
<deleteRule>NO ACTION</deleteRule>
</Relation>