<?xml version = '1.0' encoding = 'UTF-8'?>
<Relation class="oracle.dbtools.crest.model.design.logical.Relation" name="MEDICO_ATENCION" directorySegmentName="seg_0" id="F6B678AC-874C-1744-5E8A-A02DAC0DED3F">
<createdBy>jennifer</createdBy>
<createdTime>2025-09-12 20:45:38 UTC</createdTime>
<ownerDesignName>Exp2_S5_Jennifer_Gonzalez_CasoCentroMedico</ownerDesignName>
<engineerTo>
<item key="7EF82A71-1278-1AC9-B9CA-AF848AA55D42" value="true"/>
</engineerTo>
<sourcePk>E462FCFF-4E57-D9B7-1DDD-3A5B7EBE33D7</sourcePk>
<identifying>false</identifying>
<nameOnSource>realiza</nameOnSource>
<nameOnTarget>es realizada</nameOnTarget>
<optionalSource>true</optionalSource>
<optionalTarget>false</optionalTarget>
<sourceCardinality>1</sourceCardinality>
<sourceEntity>A4DC541D-2663-5D96-5E57-E163AC0D921D</sourceEntity>
<targetCardinalityString>*</targetCardinalityString>
<targetEntity>5F8D0392-A48E-2765-664C-2EB45D663037</targetEntity>
<transferable>true</transferable>
<deleteRule>NO ACTION</deleteRule>
</Relation>