<?xml version = '1.0' encoding = 'UTF-8'?>
<relationalModel class="oracle.dbtools.crest.model.design.relational.RelationalDesign" name="Relational_1" id="7EF82A71-1278-1AC9-B9CA-AF848AA55D42" mainViewID="379593EF-94B1-D634-E567-5FF74F345D52">
<createdBy>jennifer</createdBy>
<createdTime>2025-09-12 19:24:36 UTC</createdTime>
<ownerDesignName>Exp2_S5_Jennifer_Gonzalez_CasoCentroMedico</ownerDesignName>
<shouldBeOpen>false</shouldBeOpen>
<selectedRDBMSSite>32076570-2523-435C-2E92-BF29817DFF70</selectedRDBMSSite>
</relationalModel>