<?xml version = '1.0' encoding = 'UTF-8'?>
<FKIndexAssociation class="oracle.dbtools.crest.model.design.relational.FKIndexAssociation" directorySegmentName="seg_0" id="00DC22B7-566F-CA27-F584-A94B4A3EE131" containerWithKeyObject="848187B6-A300-47BD-E782-64C4E5D959D3" localFKIndex="ADE90597-1046-AD55-1258-7DB6A12D1A07" name="FK_ATENCION_MEDICO">
<createdBy>jennifer</createdBy>
<createdTime>2025-09-15 22:51:57 UTC</createdTime>
<generatorID>F6B678AC-874C-1744-5E8A-A02DAC0DED3F</generatorID>
<ownerDesignName>Exp2_S5_Jennifer_Gonzalez_CasoCentroMedico</ownerDesignName>
<referredTableLongName>MEDICO</referredTableLongName>
<deleteRule>NO ACTION</deleteRule>
<referredTableID>E5AC7D49-05E5-956F-33B7-DA91F9871AB3</referredTableID>
<keyObject>A69EB877-9CB3-CF52-6C5B-3D00C107485E</keyObject>
<referredKeyID>A69EB877-9CB3-CF52-6C5B-3D00C107485E</referredKeyID>
<mandatory>true</mandatory>
<refColNames>id_medico</refColNames>
<transferable>true</transferable>
<rely>false</rely>
<columnDependencyConstraintGenerateInDDL>true</columnDependencyConstraintGenerateInDDL>
</FKIndexAssociation>