<?xml version = '1.0' encoding = 'UTF-8'?>
<FKIndexAssociation class="oracle.dbtools.crest.model.design.relational.FKIndexAssociation" directorySegmentName="seg_0" id="0A336FEC-7532-0A06-815D-CFD89BD36B06" containerWithKeyObject="319D08E5-2441-F0AA-6056-8AE27EC8E855" localFKIndex="C6EA73E0-573F-7E36-94E7-7160A5E0B049" name="FK_COMUNA_REGION">
<createdBy>jennifer</createdBy>
<createdTime>2025-09-15 22:51:57 UTC</createdTime>
<generatorID>043A5CFD-607D-450A-77DE-CF2971C3BA15</generatorID>
<ownerDesignName>Exp2_S5_Jennifer_Gonzalez_CasoCentroMedico</ownerDesignName>
<referredTableLongName>REGION</referredTableLongName>
<deleteRule>NO ACTION</deleteRule>
<referredTableID>02370A3C-0DB1-C5D7-E715-BC568BD15CA5</referredTableID>
<keyObject>CB7BFE38-5D12-17C9-349B-A626B49E0799</keyObject>
<referredKeyID>CB7BFE38-5D12-17C9-349B-A626B49E0799</referredKeyID>
<mandatory>true</mandatory>
<refColNames>id_region</refColNames>
<transferable>true</transferable>
<rely>false</rely>
<columnDependencyConstraintGenerateInDDL>true</columnDependencyConstraintGenerateInDDL>
</FKIndexAssociation>