<?xml version = '1.0' encoding = 'UTF-8'?>
<FKIndexAssociation class="oracle.dbtools.crest.model.design.relational.FKIndexAssociation" directorySegmentName="seg_0" id="183B5921-0880-612C-D6B5-EA928A3B0436" containerWithKeyObject="E5AC7D49-05E5-956F-33B7-DA91F9871AB3" localFKIndex="0B2A9727-97DB-33F4-3836-D69FEA064AF6" name="FK_MEDICO_AFP">
<createdBy>jennifer</createdBy>
<createdTime>2025-09-15 22:51:57 UTC</createdTime>
<generatorID>247D0E9B-6AD5-2BFE-E847-22AA720D638A</generatorID>
<ownerDesignName>Exp2_S5_Jennifer_Gonzalez_CasoCentroMedico</ownerDesignName>
<referredTableLongName>AFP</referredTableLongName>
<deleteRule>NO ACTION</deleteRule>
<referredTableID>D8DA52D3-C778-19F3-641B-246BB66A2946</referredTableID>
<keyObject>E09E8E6C-88D0-6C20-DB0E-CA25F145574E</keyObject>
<referredKeyID>E09E8E6C-88D0-6C20-DB0E-CA25F145574E</referredKeyID>
<mandatory>true</mandatory>
<refColNames>id_afp</refColNames>
<transferable>true</transferable>
<rely>false</rely>
<columnDependencyConstraintGenerateInDDL>true</columnDependencyConstraintGenerateInDDL>
</FKIndexAssociation>