<?xml version = '1.0' encoding = 'UTF-8'?>
<FKIndexAssociation class="oracle.dbtools.crest.model.design.relational.FKIndexAssociation" directorySegmentName="seg_0" id="1CF00474-008E-F3B2-1E73-FF007AA25FBB" containerWithKeyObject="0989D437-4503-F3E2-265C-15C8ECA47C8E" localFKIndex="67485252-D60C-D031-1DE5-AEB369EFC737" name="FK_PACIENTE_COMUNA">
<createdBy>jennifer</createdBy>
<createdTime>2025-09-15 22:51:57 UTC</createdTime>
<generatorID>18BEFBB7-3797-43DF-9F31-2A58CDD7ABD2</generatorID>
<ownerDesignName>Exp2_S5_Jennifer_Gonzalez_CasoCentroMedico</ownerDesignName>
<referredTableLongName>COMUNA</referredTableLongName>
<deleteRule>NO ACTION</deleteRule>
<referredTableID>319D08E5-2441-F0AA-6056-8AE27EC8E855</referredTableID>
<keyObject>68BFF983-4362-1C05-2833-938D383FEEBB</keyObject>
<referredKeyID>68BFF983-4362-1C05-2833-938D383FEEBB</referredKeyID>
<mandatory>true</mandatory>
<refColNames>id_comuna</refColNames>
<transferable>true</transferable>
<rely>false</rely>
<columnDependencyConstraintGenerateInDDL>true</columnDependencyConstraintGenerateInDDL>
</FKIndexAssociation>