<?xml version = '1.0' encoding = 'UTF-8'?>
<FKIndexAssociation class="oracle.dbtools.crest.model.design.relational.FKIndexAssociation" directorySegmentName="seg_0" id="22803DB1-9FC6-1DD7-4F5B-CF4D3939DE6B" containerWithKeyObject="848187B6-A300-47BD-E782-64C4E5D959D3" localFKIndex="8B29746C-E0D9-B460-D4EC-539F504A9721" name="FK_ATENCION_PACIENTE">
<createdBy>jennifer</createdBy>
<createdTime>2025-09-15 22:51:57 UTC</createdTime>
<generatorID>B3905611-BD81-7BA6-ADE7-483786D1A87C</generatorID>
<ownerDesignName>Exp2_S5_Jennifer_Gonzalez_CasoCentroMedico</ownerDesignName>
<referredTableLongName>PACIENTE</referredTableLongName>
<deleteRule>NO ACTION</deleteRule>
<referredTableID>0989D437-4503-F3E2-265C-15C8ECA47C8E</referredTableID>
<keyObject>A4958922-1433-F4B9-B182-529CD2EB8423</keyObject>
<referredKeyID>A4958922-1433-F4B9-B182-529CD2EB8423</referredKeyID>
<mandatory>true</mandatory>
<refColNames>id_paciente</refColNames>
<transferable>true</transferable>
<rely>false</rely>
<columnDependencyConstraintGenerateInDDL>true</columnDependencyConstraintGenerateInDDL>
</FKIndexAssociation>