<?xml version = '1.0' encoding = 'UTF-8'?>
<FKIndexAssociation class="oracle.dbtools.crest.model.design.relational.FKIndexAssociation" directorySegmentName="seg_0" id="2C708C35-8351-5924-CFC1-D158243E6EA2" containerWithKeyObject="0989D437-4503-F3E2-265C-15C8ECA47C8E" localFKIndex="03D4617B-0076-4D00-C651-1AF6D2D63B70" name="FK_PACIENTE_TIPO_USUARIO">
<createdBy>jennifer</createdBy>
<createdTime>2025-09-15 22:51:57 UTC</createdTime>
<generatorID>2EE41663-72D5-D91F-37E8-A0FFFE97660F</generatorID>
<ownerDesignName>Exp2_S5_Jennifer_Gonzalez_CasoCentroMedico</ownerDesignName>
<referredTableLongName>TIPO_USUARIO</referredTableLongName>
<deleteRule>NO ACTION</deleteRule>
<referredTableID>A1C595B8-08F4-1C03-434E-989C45867E32</referredTableID>
<keyObject>29D4BD3F-0B4C-B93C-8189-948FD19D7075</keyObject>
<referredKeyID>29D4BD3F-0B4C-B93C-8189-948FD19D7075</referredKeyID>
<mandatory>true</mandatory>
<refColNames>id_tipo_usuario</refColNames>
<transferable>true</transferable>
<rely>false</rely>
<columnDependencyConstraintGenerateInDDL>true</columnDependencyConstraintGenerateInDDL>
</FKIndexAssociation>