<?xml version = '1.0' encoding = 'UTF-8'?>
<FKIndexAssociation class="oracle.dbtools.crest.model.design.relational.FKIndexAssociation" directorySegmentName="seg_0" id="49644124-3ACE-B8DC-264D-095985ED793D" containerWithKeyObject="848187B6-A300-47BD-E782-64C4E5D959D3" localFKIndex="0CF69B38-E107-1B74-F8E8-130AD5D1ADD1" name="FK_ATENCION_MODALIDAD">
<createdBy>jennifer</createdBy>
<createdTime>2025-09-15 22:51:57 UTC</createdTime>
<generatorID>6506E574-E28F-2E83-A020-CD100A4853AC</generatorID>
<ownerDesignName>Exp2_S5_Jennifer_Gonzalez_CasoCentroMedico</ownerDesignName>
<referredTableLongName>MODALIDAD</referredTableLongName>
<deleteRule>NO ACTION</deleteRule>
<referredTableID>F36C5BCD-AC89-3EDD-E712-B70482E3654C</referredTableID>
<keyObject>BD834AB6-3783-DB32-0805-67C0654C704C</keyObject>
<referredKeyID>BD834AB6-3783-DB32-0805-67C0654C704C</referredKeyID>
<mandatory>true</mandatory>
<refColNames>id_modalidad</refColNames>
<transferable>true</transferable>
<rely>false</rely>
<columnDependencyConstraintGenerateInDDL>true</columnDependencyConstraintGenerateInDDL>
</FKIndexAssociation>