<?xml version = '1.0' encoding = 'UTF-8'?>
<FKIndexAssociation class="oracle.dbtools.crest.model.design.relational.FKIndexAssociation" directorySegmentName="seg_0" id="5074BA3D-D1F6-D8A1-32CE-33DB6D39F8F3" containerWithKeyObject="6A775441-73AA-D0DD-94D2-68768AFEB6AB" localFKIndex="F770717F-6387-5FDC-6A65-9527E46FAC87" name="FK_TARJETA_PAGO">
<createdBy>jennifer</createdBy>
<createdTime>2025-09-15 22:51:57 UTC</createdTime>
<generatorID>0589A424-7AAF-B7C9-9128-E386BE1A2CE1</generatorID>
<ownerDesignName>Exp2_S5_Jennifer_Gonzalez_CasoCentroMedico</ownerDesignName>
<referredTableLongName>PAGO</referredTableLongName>
<arc>760B8F0F-86EF-1373-486F-9CD01FD9D284</arc>
<deleteRule>NO ACTION</deleteRule>
<referredTableID>88335B02-BAAB-95EC-F880-A151747C865B</referredTableID>
<keyObject>CAD54344-D1AD-F7DB-70A8-8BEE019C6552</keyObject>
<referredKeyID>CAD54344-D1AD-F7DB-70A8-8BEE019C6552</referredKeyID>
<mandatory>true</mandatory>
<refColNames>id_pago</refColNames>
<transferable>true</transferable>
<rely>false</rely>
<columnDependencyConstraintGenerateInDDL>true</columnDependencyConstraintGenerateInDDL>
</FKIndexAssociation>