<?xml version = '1.0' encoding = 'UTF-8'?>
<FKIndexAssociation class="oracle.dbtools.crest.model.design.relational.FKIndexAssociation" directorySegmentName="seg_0" id="566CC481-F4A7-B1ED-F40C-8936A285E0EE" containerWithKeyObject="C483BA69-2B3F-3793-D783-0890EE646D56" localFKIndex="3AEB5D8D-A303-418C-03E7-D4D5440E908F" name="FK_SOLICITUD_EXAMEN_ATENCION">
<createdBy>jennifer</createdBy>
<createdTime>2025-09-15 22:51:57 UTC</createdTime>
<generatorID>E18E6C4F-BFB8-94B0-A967-0CEAB007925E</generatorID>
<ownerDesignName>Exp2_S5_Jennifer_Gonzalez_CasoCentroMedico</ownerDesignName>
<referredTableLongName>ATENCION</referredTableLongName>
<deleteRule>NO ACTION</deleteRule>
<referredTableID>848187B6-A300-47BD-E782-64C4E5D959D3</referredTableID>
<keyObject>45AD5A40-C015-115A-B012-6FDC69F056C1</keyObject>
<referredKeyID>45AD5A40-C015-115A-B012-6FDC69F056C1</referredKeyID>
<mandatory>true</mandatory>
<refColNames>id_atencion</refColNames>
<transferable>true</transferable>
<rely>false</rely>
<columnDependencyConstraintGenerateInDDL>true</columnDependencyConstraintGenerateInDDL>
</FKIndexAssociation>