<?xml version = '1.0' encoding = 'UTF-8'?>
<FKIndexAssociation class="oracle.dbtools.crest.model.design.relational.FKIndexAssociation" directorySegmentName="seg_0" id="577908AD-C68A-26A8-63F9-7845F09A1F03" containerWithKeyObject="E5AC7D49-05E5-956F-33B7-DA91F9871AB3" localFKIndex="AF564A5B-22FD-5A02-208F-DE5F1E9E69D9" name="FK_MEDICO_INSTITUCION_SALUD">
<createdBy>jennifer</createdBy>
<createdTime>2025-09-15 22:51:57 UTC</createdTime>
<generatorID>D0B0751F-0170-9016-0E6B-605BE6B12C44</generatorID>
<ownerDesignName>Exp2_S5_Jennifer_Gonzalez_CasoCentroMedico</ownerDesignName>
<referredTableLongName>INSTITUCION_SALUD</referredTableLongName>
<deleteRule>NO ACTION</deleteRule>
<referredTableID>47F09E14-E780-CCED-5B4C-6B482BBEDF94</referredTableID>
<keyObject>609970B9-0565-899A-5EC5-5857346DC682</keyObject>
<referredKeyID>609970B9-0565-899A-5EC5-5857346DC682</referredKeyID>
<mandatory>true</mandatory>
<refColNames>id_salud</refColNames>
<transferable>true</transferable>
<rely>false</rely>
<columnDependencyConstraintGenerateInDDL>true</columnDependencyConstraintGenerateInDDL>
</FKIndexAssociation>