<?xml version = '1.0' encoding = 'UTF-8'?>
<FKIndexAssociation class="oracle.dbtools.crest.model.design.relational.FKIndexAssociation" directorySegmentName="seg_0" id="5942A1B7-819E-CB02-3046-8303E39F951B" containerWithKeyObject="88FEBCDC-B7BF-E1D1-C1C6-189F33A8DBF3" localFKIndex="19B74892-1475-47FA-33CC-028B7FCD5BD5" name="FK_CONVENIO_PAGO">
<createdBy>jennifer</createdBy>
<createdTime>2025-09-15 22:51:57 UTC</createdTime>
<generatorID>9A590E64-1508-CC60-1A16-91ADECD61025</generatorID>
<ownerDesignName>Exp2_S5_Jennifer_Gonzalez_CasoCentroMedico</ownerDesignName>
<referredTableLongName>PAGO</referredTableLongName>
<arc>760B8F0F-86EF-1373-486F-9CD01FD9D284</arc>
<deleteRule>NO ACTION</deleteRule>
<referredTableID>88335B02-BAAB-95EC-F880-A151747C865B</referredTableID>
<keyObject>CAD54344-D1AD-F7DB-70A8-8BEE019C6552</keyObject>
<referredKeyID>CAD54344-D1AD-F7DB-70A8-8BEE019C6552</referredKeyID>
<mandatory>true</mandatory>
<refColNames>id_pago</refColNames>
<transferable>true</transferable>
<rely>false</rely>
<columnDependencyConstraintGenerateInDDL>true</columnDependencyConstraintGenerateInDDL>
</FKIndexAssociation>