<?xml version = '1.0' encoding = 'UTF-8'?>
<FKIndexAssociation class="oracle.dbtools.crest.model.design.relational.FKIndexAssociation" directorySegmentName="seg_0" id="6039E1B9-6FA4-D0DD-FCCF-3A3189A30E9E" containerWithKeyObject="C483BA69-2B3F-3793-D783-0890EE646D56" localFKIndex="397AEAB1-90E9-EFDD-51E1-8E0FA17CDC9A" name="FK_SOLICITUD_EXAMEN_EXAMEN">
<createdBy>jennifer</createdBy>
<createdTime>2025-09-15 22:51:57 UTC</createdTime>
<generatorID>ED102817-9F87-E459-D771-8BC00EE165B7</generatorID>
<ownerDesignName>Exp2_S5_Jennifer_Gonzalez_CasoCentroMedico</ownerDesignName>
<referredTableLongName>EXAMEN</referredTableLongName>
<deleteRule>NO ACTION</deleteRule>
<referredTableID>42C280B8-CD64-0767-AB35-7DEAEF6B8C4D</referredTableID>
<keyObject>89A6204E-4C7B-26D0-114C-60B120A26E0F</keyObject>
<referredKeyID>89A6204E-4C7B-26D0-114C-60B120A26E0F</referredKeyID>
<mandatory>true</mandatory>
<refColNames>id_examen</refColNames>
<transferable>true</transferable>
<rely>false</rely>
<columnDependencyConstraintGenerateInDDL>true</columnDependencyConstraintGenerateInDDL>
</FKIndexAssociation>