<?xml version = '1.0' encoding = 'UTF-8'?>
<FKIndexAssociation class="oracle.dbtools.crest.model.design.relational.FKIndexAssociation" directorySegmentName="seg_0" id="61068D1C-D529-C981-C06D-B3D32B5A3AED" containerWithKeyObject="E5AC7D49-05E5-956F-33B7-DA91F9871AB3" localFKIndex="6E448DA4-47CE-1FE3-D69D-1AEF405A0FBD" name="FK_MEDICO_PERSONA">
<createdBy>jennifer</createdBy>
<createdTime>2025-09-15 22:51:57 UTC</createdTime>
<generatorID>932F3A56-FA1B-7918-9587-58EB6E316FE1</generatorID>
<ownerDesignName>Exp2_S5_Jennifer_Gonzalez_CasoCentroMedico</ownerDesignName>
<referredTableLongName>PERSONA</referredTableLongName>
<arc>6D25E014-E47D-4AD0-B209-58FAEC02500A</arc>
<deleteRule>NO ACTION</deleteRule>
<referredTableID>FA8B6634-CBDC-CFD5-60EA-0261255E6241</referredTableID>
<keyObject>31E1A091-9DD9-A50D-A9F2-65F789E16A76</keyObject>
<referredKeyID>31E1A091-9DD9-A50D-A9F2-65F789E16A76</referredKeyID>
<mandatory>true</mandatory>
<refColNames>rut</refColNames>
<transferable>true</transferable>
<rely>false</rely>
<columnDependencyConstraintGenerateInDDL>true</columnDependencyConstraintGenerateInDDL>
</FKIndexAssociation>