<?xml version = '1.0' encoding = 'UTF-8'?>
<FKIndexAssociation class="oracle.dbtools.crest.model.design.relational.FKIndexAssociation" directorySegmentName="seg_0" id="65DB75B2-1DB3-EDE1-34C4-AAA798841AAA" containerWithKeyObject="7191DDBD-05FA-B133-CD5D-85E34BC20B55" localFKIndex="30926A7C-E553-4FDC-F69B-6104D2341B1C" name="FK_DEBITO_TARJETA">
<createdBy>jennifer</createdBy>
<createdTime>2025-09-15 22:51:57 UTC</createdTime>
<generatorID>CF283F7E-CA99-F1AF-2D6A-03A3F42E2752</generatorID>
<ownerDesignName>Exp2_S5_Jennifer_Gonzalez_CasoCentroMedico</ownerDesignName>
<referredTableLongName>TARJETA</referredTableLongName>
<arc>78C2D62C-D555-DF0C-E72F-B3384504B822</arc>
<deleteRule>NO ACTION</deleteRule>
<referredTableID>6A775441-73AA-D0DD-94D2-68768AFEB6AB</referredTableID>
<keyObject>D1C18E09-AB94-F509-43EC-DB9FEA5D541A</keyObject>
<referredKeyID>D1C18E09-AB94-F509-43EC-DB9FEA5D541A</referredKeyID>
<mandatory>true</mandatory>
<refColNames>id_pago</refColNames>
<transferable>true</transferable>
<rely>false</rely>
<columnDependencyConstraintGenerateInDDL>true</columnDependencyConstraintGenerateInDDL>
</FKIndexAssociation>