<?xml version = '1.0' encoding = 'UTF-8'?>
<FKIndexAssociation class="oracle.dbtools.crest.model.design.relational.FKIndexAssociation" directorySegmentName="seg_0" id="6A91514C-FC3B-C74C-4713-7C5A1D53155A" containerWithKeyObject="848187B6-A300-47BD-E782-64C4E5D959D3" localFKIndex="7489E38B-4548-371D-897D-1EB6F82D33DA" name="FK_ATENCION_TIPO_ATENCION">
<createdBy>jennifer</createdBy>
<createdTime>2025-09-15 22:51:57 UTC</createdTime>
<generatorID>3CE1DDC6-B8A3-259B-C092-ED59A4D18799</generatorID>
<ownerDesignName>Exp2_S5_Jennifer_Gonzalez_CasoCentroMedico</ownerDesignName>
<referredTableLongName>TIPO_ATENCION</referredTableLongName>
<deleteRule>NO ACTION</deleteRule>
<referredTableID>5329A4FD-CA8D-C187-CEC4-622930E999E1</referredTableID>
<keyObject>8596EEC0-E256-DD31-1F30-8C7EB6E5CFA4</keyObject>
<referredKeyID>8596EEC0-E256-DD31-1F30-8C7EB6E5CFA4</referredKeyID>
<mandatory>true</mandatory>
<refColNames>id_tipo_atencion</refColNames>
<transferable>true</transferable>
<rely>false</rely>
<columnDependencyConstraintGenerateInDDL>true</columnDependencyConstraintGenerateInDDL>
</FKIndexAssociation>