<?xml version = '1.0' encoding = 'UTF-8'?>
<FKIndexAssociation class="oracle.dbtools.crest.model.design.relational.FKIndexAssociation" directorySegmentName="seg_0" id="6CD6017C-CCCF-E72F-4002-BDE47676C8B6" containerWithKeyObject="B8C11005-8162-3282-571A-A2460DCCFEB8" localFKIndex="AFF27E41-6133-D2DE-F1F4-72462A3EC678" name="FK_CREDITO_TARJETA">
<createdBy>jennifer</createdBy>
<createdTime>2025-09-15 22:51:57 UTC</createdTime>
<generatorID>546004DE-A398-4841-C1F4-EE386F640167</generatorID>
<ownerDesignName>Exp2_S5_Jennifer_Gonzalez_CasoCentroMedico</ownerDesignName>
<referredTableLongName>TARJETA</referredTableLongName>
<arc>78C2D62C-D555-DF0C-E72F-B3384504B822</arc>
<deleteRule>NO ACTION</deleteRule>
<referredTableID>6A775441-73AA-D0DD-94D2-68768AFEB6AB</referredTableID>
<keyObject>D1C18E09-AB94-F509-43EC-DB9FEA5D541A</keyObject>
<referredKeyID>D1C18E09-AB94-F509-43EC-DB9FEA5D541A</referredKeyID>
<mandatory>true</mandatory>
<refColNames>id_pago</refColNames>
<transferable>true</transferable>
<rely>false</rely>
<columnDependencyConstraintGenerateInDDL>true</columnDependencyConstraintGenerateInDDL>
</FKIndexAssociation>