<?xml version = '1.0' encoding = 'UTF-8'?>
<FKIndexAssociation class="oracle.dbtools.crest.model.design.relational.FKIndexAssociation" directorySegmentName="seg_0" id="7DF31C37-6812-DF33-42EE-2B5F9D19F21A" containerWithKeyObject="0989D437-4503-F3E2-265C-15C8ECA47C8E" localFKIndex="AAAF3893-9977-D48B-0C7D-E7AC16C05F6A" name="FK_PACIENTE_PERSONA">
<createdBy>jennifer</createdBy>
<createdTime>2025-09-15 22:51:57 UTC</createdTime>
<generatorID>E25727F1-1170-4B57-00F9-C070DF41E7C6</generatorID>
<ownerDesignName>Exp2_S5_Jennifer_Gonzalez_CasoCentroMedico</ownerDesignName>
<referredTableLongName>PERSONA</referredTableLongName>
<arc>6D25E014-E47D-4AD0-B209-58FAEC02500A</arc>
<deleteRule>NO ACTION</deleteRule>
<referredTableID>FA8B6634-CBDC-CFD5-60EA-0261255E6241</referredTableID>
<keyObject>31E1A091-9DD9-A50D-A9F2-65F789E16A76</keyObject>
<referredKeyID>31E1A091-9DD9-A50D-A9F2-65F789E16A76</referredKeyID>
<mandatory>true</mandatory>
<refColNames>rut</refColNames>
<transferable>true</transferable>
<rely>false</rely>
<columnDependencyConstraintGenerateInDDL>true</columnDependencyConstraintGenerateInDDL>
</FKIndexAssociation>