<?xml version = '1.0' encoding = 'UTF-8'?>
<FKIndexAssociation class="oracle.dbtools.crest.model.design.relational.FKIndexAssociation" directorySegmentName="seg_0" id="85EEAEF5-7BAB-FF07-9C6E-BFA9C75B8083" containerWithKeyObject="848187B6-A300-47BD-E782-64C4E5D959D3" localFKIndex="241041B2-BE2E-D6C0-273C-F13C2AF46983" name="FK_ATENCION_PAGO">
<createdBy>jennifer</createdBy>
<createdTime>2025-09-15 22:51:57 UTC</createdTime>
<generatorID>7A42BE27-E408-598A-EA1F-B510B0A716D3</generatorID>
<ownerDesignName>Exp2_S5_Jennifer_Gonzalez_CasoCentroMedico</ownerDesignName>
<referredTableLongName>PAGO</referredTableLongName>
<deleteRule>NO ACTION</deleteRule>
<referredTableID>88335B02-BAAB-95EC-F880-A151747C865B</referredTableID>
<keyObject>CAD54344-D1AD-F7DB-70A8-8BEE019C6552</keyObject>
<referredKeyID>CAD54344-D1AD-F7DB-70A8-8BEE019C6552</referredKeyID>
<mandatory>true</mandatory>
<refColNames>id_pago</refColNames>
<transferable>true</transferable>
<rely>false</rely>
<columnDependencyConstraintGenerateInDDL>true</columnDependencyConstraintGenerateInDDL>
</FKIndexAssociation>