<?xml version = '1.0' encoding = 'UTF-8'?>
<FKIndexAssociation class="oracle.dbtools.crest.model.design.relational.FKIndexAssociation" directorySegmentName="seg_0" id="8BD37ACA-D852-A09E-101F-E7056DF12E9F" containerWithKeyObject="59769C8B-D890-3A71-10BD-5755F08C5CC0" localFKIndex="28DC05BB-263B-140C-0BA0-418D34D87CC9" name="FK_EFECTIVO_PAGO">
<createdBy>jennifer</createdBy>
<createdTime>2025-09-15 22:51:57 UTC</createdTime>
<generatorID>77EBCC91-C3EC-8A55-DF2E-E3EF48CDEE80</generatorID>
<ownerDesignName>Exp2_S5_Jennifer_Gonzalez_CasoCentroMedico</ownerDesignName>
<referredTableLongName>PAGO</referredTableLongName>
<arc>760B8F0F-86EF-1373-486F-9CD01FD9D284</arc>
<deleteRule>NO ACTION</deleteRule>
<referredTableID>88335B02-BAAB-95EC-F880-A151747C865B</referredTableID>
<keyObject>CAD54344-D1AD-F7DB-70A8-8BEE019C6552</keyObject>
<referredKeyID>CAD54344-D1AD-F7DB-70A8-8BEE019C6552</referredKeyID>
<mandatory>true</mandatory>
<refColNames>id_pago</refColNames>
<transferable>true</transferable>
<rely>false</rely>
<columnDependencyConstraintGenerateInDDL>true</columnDependencyConstraintGenerateInDDL>
</FKIndexAssociation>