<?xml version = '1.0' encoding = 'UTF-8'?>
<FKIndexAssociation class="oracle.dbtools.crest.model.design.relational.FKIndexAssociation" directorySegmentName="seg_0" id="9607608F-B6AA-FB3A-BDA7-822A93BDBFC5" containerWithKeyObject="E5AC7D49-05E5-956F-33B7-DA91F9871AB3" localFKIndex="68B38E17-38A7-449B-9442-5B56536CBE9D" name="FK_MEDICO_MEDICO">
<createdBy>jennifer</createdBy>
<createdTime>2025-09-15 22:51:57 UTC</createdTime>
<generatorID>CB453F0C-0367-F4ED-B6DE-729C8B4B8540</generatorID>
<ownerDesignName>Exp2_S5_Jennifer_Gonzalez_CasoCentroMedico</ownerDesignName>
<referredTableLongName>MEDICO</referredTableLongName>
<deleteRule>NO ACTION</deleteRule>
<referredTableID>E5AC7D49-05E5-956F-33B7-DA91F9871AB3</referredTableID>
<keyObject>A69EB877-9CB3-CF52-6C5B-3D00C107485E</keyObject>
<referredKeyID>A69EB877-9CB3-CF52-6C5B-3D00C107485E</referredKeyID>
<mandatory>false</mandatory>
<refColNames>id_medico</refColNames>
<transferable>true</transferable>
<rely>false</rely>
<columnDependencyConstraintGenerateInDDL>true</columnDependencyConstraintGenerateInDDL>
</FKIndexAssociation>