<?xml version = '1.0' encoding = 'UTF-8'?>
<FKIndexAssociation class="oracle.dbtools.crest.model.design.relational.FKIndexAssociation" directorySegmentName="seg_0" id="96F4861F-7575-E0BD-B58A-EA783848A1FE" containerWithKeyObject="0989D437-4503-F3E2-265C-15C8ECA47C8E" localFKIndex="D17838AA-91B0-7178-888A-3D1E44E1F690" name="FK_PACIENTE_GENERO">
<createdBy>jennifer</createdBy>
<createdTime>2025-09-15 22:51:57 UTC</createdTime>
<generatorID>46D440D7-F7E0-733D-677E-7A15E26370B9</generatorID>
<ownerDesignName>Exp2_S5_Jennifer_Gonzalez_CasoCentroMedico</ownerDesignName>
<referredTableLongName>GENERO</referredTableLongName>
<deleteRule>NO ACTION</deleteRule>
<referredTableID>7784A3F9-5AD0-1ACE-FE8E-E9879C464D75</referredTableID>
<keyObject>8FC5A313-EA57-0A96-6A9E-BB2BAD81CDBB</keyObject>
<referredKeyID>8FC5A313-EA57-0A96-6A9E-BB2BAD81CDBB</referredKeyID>
<mandatory>true</mandatory>
<refColNames>id_genero</refColNames>
<transferable>true</transferable>
<rely>false</rely>
<columnDependencyConstraintGenerateInDDL>true</columnDependencyConstraintGenerateInDDL>
</FKIndexAssociation>