<?xml version = '1.0' encoding = 'UTF-8'?>
<FKIndexAssociation class="oracle.dbtools.crest.model.design.relational.FKIndexAssociation" directorySegmentName="seg_0" id="A9D0663D-113B-3468-DF50-AAC45C06BC9B" containerWithKeyObject="E5AC7D49-05E5-956F-33B7-DA91F9871AB3" localFKIndex="B3E1A1B9-9D6A-B2EE-76ED-3DDDF51655C1" name="FK_MEDICO_UNIDAD_ATENCION">
<createdBy>jennifer</createdBy>
<createdTime>2025-09-15 22:51:57 UTC</createdTime>
<generatorID>02167C05-95F5-9156-40F3-B66BB21C8A3E</generatorID>
<ownerDesignName>Exp2_S5_Jennifer_Gonzalez_CasoCentroMedico</ownerDesignName>
<referredTableLongName>UNIDAD_ATENCION</referredTableLongName>
<deleteRule>NO ACTION</deleteRule>
<referredTableID>111287A9-2082-D496-E025-E5B4458AC5F9</referredTableID>
<keyObject>5F1802B6-60EB-17BB-F503-3C8547D2C3EA</keyObject>
<referredKeyID>5F1802B6-60EB-17BB-F503-3C8547D2C3EA</referredKeyID>
<mandatory>true</mandatory>
<refColNames>id_unidad</refColNames>
<transferable>true</transferable>
<rely>false</rely>
<columnDependencyConstraintGenerateInDDL>true</columnDependencyConstraintGenerateInDDL>
</FKIndexAssociation>