<?xml version = '1.0' encoding = 'UTF-8'?>
<FKIndexAssociation class="oracle.dbtools.crest.model.design.relational.FKIndexAssociation" directorySegmentName="seg_0" id="B452857B-3617-2ED6-C20A-FABA80E4472B" containerWithKeyObject="E5AC7D49-05E5-956F-33B7-DA91F9871AB3" localFKIndex="8A34155F-DA60-2BB8-F868-BE160F1DE798" name="FK_MEDICO_ESPECIALIDAD">
<createdBy>jennifer</createdBy>
<createdTime>2025-09-15 22:51:57 UTC</createdTime>
<generatorID>D77D11C8-0A55-F236-9047-E81740CDFD02</generatorID>
<ownerDesignName>Exp2_S5_Jennifer_Gonzalez_CasoCentroMedico</ownerDesignName>
<referredTableLongName>ESPECIALIDAD</referredTableLongName>
<deleteRule>NO ACTION</deleteRule>
<referredTableID>4E7D04E8-84BB-7EE0-999A-3E3AD5D9DE9F</referredTableID>
<keyObject>F31B101A-84E1-7586-5993-4584F0D4B233</keyObject>
<referredKeyID>F31B101A-84E1-7586-5993-4584F0D4B233</referredKeyID>
<mandatory>true</mandatory>
<refColNames>id_especialidad</refColNames>
<transferable>true</transferable>
<rely>false</rely>
<columnDependencyConstraintGenerateInDDL>true</columnDependencyConstraintGenerateInDDL>
</FKIndexAssociation>