<?xml version = '1.0' encoding = 'UTF-8'?>
<FKIndexAssociation class="oracle.dbtools.crest.model.design.relational.FKIndexAssociation" directorySegmentName="seg_0" id="FBEE562A-9C5A-3087-6A5C-2FD501E9D781" containerWithKeyObject="88335B02-BAAB-95EC-F880-A151747C865B" localFKIndex="9E1B03E9-9DD1-39D6-4447-0EB03A270843" name="FK_PAGO_ATENCION">
<createdBy>jennifer</createdBy>
<createdTime>2025-09-15 22:51:57 UTC</createdTime>
<generatorID>7A42BE27-E408-598A-EA1F-B510B0A716D3</generatorID>
<ownerDesignName>Exp2_S5_Jennifer_Gonzalez_CasoCentroMedico</ownerDesignName>
<referredTableLongName>ATENCION</referredTableLongName>
<deleteRule>NO ACTION</deleteRule>
<referredTableID>848187B6-A300-47BD-E782-64C4E5D959D3</referredTableID>
<keyObject>45AD5A40-C015-115A-B012-6FDC69F056C1</keyObject>
<referredKeyID>45AD5A40-C015-115A-B012-6FDC69F056C1</referredKeyID>
<mandatory>true</mandatory>
<refColNames>id_atencion</refColNames>
<transferable>true</transferable>
<rely>false</rely>
<columnDependencyConstraintGenerateInDDL>true</columnDependencyConstraintGenerateInDDL>
</FKIndexAssociation>