<?xml version = '1.0' encoding = 'UTF-8'?>
<Diagram class="oracle.dbtools.crest.swingui.logical.DPVLogical" name="Logical" id="B9BA88EE-22E0-7765-2067-ABD83C95D4C8">
<createdBy>jennifer</createdBy>
<modifiedBy>jennifer</modifiedBy>
<createdTime>2025-09-12 19:35:20 UTC</createdTime>
<autoRoute>false</autoRoute>
<boxInbox>false</boxInbox>
<showLegend>false</showLegend>
<showLabels>true</showLabels>
<showRelAttributes>true</showRelAttributes>
<gridEnabled>true</gridEnabled>
<showGrid>false</showGrid>
<diagramColor>-1</diagramColor>
<display>false</display>
<notation>1</notation>
<objectViews>
<OView class="oracle.dbtools.crest.swingui.logical.TVEntity" oid="17819889-8976-E253-9B21-87B91187A7E1" otype="Entity" vid="04FE4858-0CD3-4086-D970-F3D23FEBC241">
<hideElementsInCurrentOnly>false</hideElementsInCurrentOnly>
<bounds x="660" y="290" width="221" height="131"/>
</OView>
<OView class="oracle.dbtools.crest.swingui.logical.TVEntity" oid="17F12E8A-134D-800D-DC1C-4B67B857832C" otype="Entity" vid="F5B8315B-6C26-4CCC-DAC4-DE736822F8D3">
<hideElementsInCurrentOnly>false</hideElementsInCurrentOnly>
<bounds x="1830" y="480" width="201" height="81"/>
</OView>
<OView class="oracle.dbtools.crest.swingui.logical.TVEntity" oid="1EFAC578-D0D9-5D0A-A77A-29D2C0D6503D" otype="Entity" vid="D2830BB2-F640-C3D1-4626-2A36CB040559">
<hideElementsInCurrentOnly>false</hideElementsInCurrentOnly>
<bounds x="1140" y="10" width="241" height="71"/>
</OView>
<OView class="oracle.dbtools.crest.swingui.logical.TVEntity" oid="1F1E0034-42A1-F17C-9482-792B856D7265" otype="Entity" vid="EBB32A35-B276-17D4-42F3-F038CB47106F">
<hideElementsInCurrentOnly>false</hideElementsInCurrentOnly>
<bounds x="1590" y="250" width="271" height="130"/>
</OView>
<OView class="oracle.dbtools.crest.swingui.logical.TVEntity" oid="3051723F-056F-042A-C90C-D3903D280DE9" otype="Entity" vid="6E66C2B3-DB01-8BFD-192C-48A272567F93">
<hideElementsInCurrentOnly>false</hideElementsInCurrentOnly>
<bounds x="1620" y="480" width="201" height="81"/>
</OView>
<OView class="oracle.dbtools.crest.swingui.logical.TVEntity" oid="3E2EB977-1E9F-61DF-F6CF-65D37B3618D3" otype="Entity" vid="E0695DA2-B2F0-BACC-8428-E8C8989EFECD">
<hideElementsInCurrentOnly>false</hideElementsInCurrentOnly>
<bounds x="10" y="260" width="211" height="71"/>
</OView>
<OView class="oracle.dbtools.crest.swingui.logical.TVEntity" oid="50E15A01-15FC-E94C-5D54-932650AA404A" otype="Entity" vid="01D29D37-BD24-395F-A08C-84FDC999D0B7">
<hideElementsInCurrentOnly>false</hideElementsInCurrentOnly>
<bounds x="10" y="10" width="231" height="101"/>
</OView>
<OView class="oracle.dbtools.crest.swingui.logical.TVEntity" oid="59EE7CD6-1DED-3162-004E-ECF9336800DB" otype="Entity" vid="ACA0897E-45E9-BB77-FD99-4E9CFC322835">
<hideElementsInCurrentOnly>false</hideElementsInCurrentOnly>
<bounds x="1300" y="250" width="201" height="71"/>
</OView>
<OView class="oracle.dbtools.crest.swingui.logical.TVEntity" oid="5F8D0392-A48E-2765-664C-2EB45D663037" otype="Entity" vid="446D0073-1C8F-BB52-BE43-3F097BE2F93F">
<hideElementsInCurrentOnly>false</hideElementsInCurrentOnly>
<bounds x="760" y="10" width="231" height="161"/>
</OView>
<OView class="oracle.dbtools.crest.swingui.logical.TVEntity" oid="6F8D3F9C-7FBF-66F8-590C-93900110CA73" otype="Entity" vid="F207373E-7AEF-4162-2624-B12BACD5A3BC">
<hideElementsInCurrentOnly>false</hideElementsInCurrentOnly>
<bounds x="210" y="520" width="201" height="71"/>
</OView>
<OView class="oracle.dbtools.crest.swingui.logical.TVEntity" oid="7040ABF4-8E34-04F8-1419-561947FE899C" otype="Entity" vid="937B7A48-B6D8-B738-A6C9-ED3D9DF9B7D9">
<hideElementsInCurrentOnly>false</hideElementsInCurrentOnly>
<bounds x="950" y="250" width="231" height="191"/>
</OView>
<OView class="oracle.dbtools.crest.swingui.logical.TVEntity" oid="7E8BC07B-E6EE-F75F-71BA-B76CA16FD23C" otype="Entity" vid="1D15AD79-324F-7FF7-193E-56F64A9E48F6">
<hideElementsInCurrentOnly>false</hideElementsInCurrentOnly>
<bounds x="1410" y="480" width="201" height="81"/>
</OView>
<OView class="oracle.dbtools.crest.swingui.logical.TVEntity" oid="85225259-7EE4-F411-DCDE-1F201BB56023" otype="Entity" vid="58EB17DC-2732-B733-BA88-8134ED88DBFD">
<hideElementsInCurrentOnly>false</hideElementsInCurrentOnly>
<bounds x="950" y="520" width="231" height="91"/>
</OView>
<OView class="oracle.dbtools.crest.swingui.logical.TVEntity" oid="92F233A7-5498-8CC7-C16C-3D2E3DAC287C" otype="Entity" vid="1E59CEC2-8F7F-A695-7A11-7AE5611D5329">
<hideElementsInCurrentOnly>false</hideElementsInCurrentOnly>
<bounds x="1740" y="620" width="170" height="81"/>
</OView>
<OView class="oracle.dbtools.crest.swingui.logical.TVEntity" oid="A4DC541D-2663-5D96-5E57-E163AC0D921D" otype="Entity" vid="842300FE-1282-6514-821E-15524029F5FE">
<hideElementsInCurrentOnly>false</hideElementsInCurrentOnly>
<bounds x="300" y="240" width="241" height="191"/>
</OView>
<OView class="oracle.dbtools.crest.swingui.logical.TVEntity" oid="B142D651-6980-CC37-96F0-30BB03976C24" otype="Entity" vid="8BB05677-EC79-492D-77C8-037711B2B945">
<hideElementsInCurrentOnly>false</hideElementsInCurrentOnly>
<bounds x="430" y="520" width="201" height="71"/>
</OView>
<OView class="oracle.dbtools.crest.swingui.logical.TVEntity" oid="B85F4DA8-6F51-4374-9FBA-3B75334575C6" otype="Entity" vid="3A4146D0-F694-C271-A747-5079D27153F7">
<hideElementsInCurrentOnly>false</hideElementsInCurrentOnly>
<bounds x="10" y="340" width="211" height="71"/>
</OView>
<OView class="oracle.dbtools.crest.swingui.logical.TVEntity" oid="C7FD5EA9-6E9D-6D61-63EA-BBF5D4342484" otype="Entity" vid="77D4B48A-8E68-A6D5-F864-0F3BD167F636">
<hideElementsInCurrentOnly>false</hideElementsInCurrentOnly>
<bounds x="950" y="690" width="231" height="71"/>
</OView>
<OView class="oracle.dbtools.crest.swingui.logical.TVEntity" oid="C8628EA9-3CFE-56B8-F65D-E1A429D2B560" otype="Entity" vid="5FC48038-9879-AF0F-3540-6AB77A87C90E">
<hideElementsInCurrentOnly>false</hideElementsInCurrentOnly>
<bounds x="350" y="10" width="281" height="121"/>
</OView>
<OView class="oracle.dbtools.crest.swingui.logical.TVEntity" oid="D063170A-7956-8CC6-402E-AA7ACA49B28E" otype="Entity" vid="38F57CE5-EB57-2B9F-C9DA-01856E702421">
<hideElementsInCurrentOnly>false</hideElementsInCurrentOnly>
<bounds x="1140" y="90" width="241" height="71"/>
</OView>
<OView class="oracle.dbtools.crest.swingui.logical.TVEntity" oid="F1BF93D0-647E-7EFC-66DC-6DDA1E3464D2" otype="Entity" vid="B9FC6076-FCF5-9AE1-8E07-F4D3FA0F1957">
<hideElementsInCurrentOnly>false</hideElementsInCurrentOnly>
<bounds x="1940" y="620" width="170" height="81"/>
</OView>
<OView class="oracle.dbtools.crest.swingui.logical.TVEntity" oid="F3D88AEE-A73A-48AA-FD38-0397E171404B" otype="Entity" vid="C0181ABE-60C2-11AA-D1EE-0A62788AD635">
<hideElementsInCurrentOnly>false</hideElementsInCurrentOnly>
<bounds x="1300" y="340" width="201" height="71"/>
</OView>
</objectViews>
<connectors>
<Connector class="oracle.dbtools.crest.swingui.logical.TVRelation" oid="02167C05-95F5-9156-40F3-B66BB21C8A3E" otype="Relation" vid_source="3A4146D0-F694-C271-A747-5079D27153F7" vid_target="842300FE-1282-6514-821E-15524029F5FE">
<hideElementsInCurrentOnly>false</hideElementsInCurrentOnly>
<backgroundColor>-16777216</backgroundColor>
<lineWidth>1</lineWidth>
<sourceLabel class="oracle.dbtools.crest.model.design.Label">
<site>0</site>
<labelBounds x="231" y="360" width="30" height="15"/>
<noBackgroundColor>true</noBackgroundColor>
<noForegroundColor>true</noForegroundColor>
</sourceLabel>
<targetLabel class="oracle.dbtools.crest.model.design.Label">
<site>2</site>
<labelBounds x="240" y="378" width="54" height="13"/>
<noBackgroundColor>true</noBackgroundColor>
<noForegroundColor>true</noForegroundColor>
</targetLabel>
<points>
<point x="221" y="375"/>
<point x="300" y="375"/>
</points>
</Connector>
<Connector class="oracle.dbtools.crest.swingui.logical.TVRelation" oid="043A5CFD-607D-450A-77DE-CF2971C3BA15" otype="Relation" vid_source="77D4B48A-8E68-A6D5-F864-0F3BD167F636" vid_target="58EB17DC-2732-B733-BA88-8134ED88DBFD">
<hideElementsInCurrentOnly>false</hideElementsInCurrentOnly>
<backgroundColor>-16777216</backgroundColor>
<lineWidth>1</lineWidth>
<sourceLabel class="oracle.dbtools.crest.model.design.Label">
<site>0</site>
<labelBounds x="1065" y="670" width="35" height="14"/>
<noBackgroundColor>true</noBackgroundColor>
<noForegroundColor>true</noForegroundColor>
</sourceLabel>
<targetLabel class="oracle.dbtools.crest.model.design.Label">
<site>2</site>
<labelBounds x="1065" y="631" width="53" height="20"/>
<noBackgroundColor>true</noBackgroundColor>
<noForegroundColor>true</noForegroundColor>
</targetLabel>
<points>
<point x="1065" y="690"/>
<point x="1065" y="611"/>
</points>
</Connector>
<Connector class="oracle.dbtools.crest.swingui.logical.TVInheritanceRelation" oid="0589A424-7AAF-B7C9-9128-E386BE1A2CE1" otype="Hierarchy relation" vid_source="EBB32A35-B276-17D4-42F3-F038CB47106F" vid_target="F5B8315B-6C26-4CCC-DAC4-DE736822F8D3">
<hideElementsInCurrentOnly>false</hideElementsInCurrentOnly>
<backgroundColor>-65536</backgroundColor>
<lineWidth>1</lineWidth>
<points>
<point x="1845" y="380"/>
<point x="1845" y="480"/>
</points>
</Connector>
<Connector class="oracle.dbtools.crest.swingui.logical.TVRelation" oid="18BEFBB7-3797-43DF-9F31-2A58CDD7ABD2" otype="Relation" vid_source="58EB17DC-2732-B733-BA88-8134ED88DBFD" vid_target="937B7A48-B6D8-B738-A6C9-ED3D9DF9B7D9">
<hideElementsInCurrentOnly>false</hideElementsInCurrentOnly>
<backgroundColor>-16777216</backgroundColor>
<lineWidth>1</lineWidth>
<sourceLabel class="oracle.dbtools.crest.model.design.Label">
<site>0</site>
<labelBounds x="1065" y="495" width="41" height="11"/>
<noBackgroundColor>true</noBackgroundColor>
<noForegroundColor>true</noForegroundColor>
</sourceLabel>
<targetLabel class="oracle.dbtools.crest.model.design.Label">
<site>2</site>
<labelBounds x="1065" y="474" width="60" height="11"/>
<noBackgroundColor>true</noBackgroundColor>
<noForegroundColor>true</noForegroundColor>
</targetLabel>
<points>
<point x="1065" y="520"/>
<point x="1065" y="441"/>
</points>
</Connector>
<Connector class="oracle.dbtools.crest.swingui.logical.TVRelation" oid="247D0E9B-6AD5-2BFE-E847-22AA720D638A" otype="Relation" vid_source="8BB05677-EC79-492D-77C8-037711B2B945" vid_target="842300FE-1282-6514-821E-15524029F5FE">
<hideElementsInCurrentOnly>false</hideElementsInCurrentOnly>
<backgroundColor>-16777216</backgroundColor>
<lineWidth>1</lineWidth>
<sourceLabel class="oracle.dbtools.crest.model.design.Label">
<site>0</site>
<labelBounds x="485" y="500" width="56" height="14"/>
<noBackgroundColor>true</noBackgroundColor>
<noForegroundColor>true</noForegroundColor>
</sourceLabel>
<targetLabel class="oracle.dbtools.crest.model.design.Label">
<site>2</site>
<labelBounds x="485" y="451" width="47" height="22"/>
<noBackgroundColor>true</noBackgroundColor>
<noForegroundColor>true</noForegroundColor>
</targetLabel>
<points>
<point x="485" y="520"/>
<point x="485" y="431"/>
</points>
</Connector>
<Connector class="oracle.dbtools.crest.swingui.logical.TVRelation" oid="2EE41663-72D5-D91F-37E8-A0FFFE97660F" otype="Relation" vid_source="C0181ABE-60C2-11AA-D1EE-0A62788AD635" vid_target="937B7A48-B6D8-B738-A6C9-ED3D9DF9B7D9">
<hideElementsInCurrentOnly>false</hideElementsInCurrentOnly>
<backgroundColor>-16777216</backgroundColor>
<lineWidth>1</lineWidth>
<sourceLabel class="oracle.dbtools.crest.model.design.Label">
<site>0</site>
<labelBounds x="1268" y="360" width="26" height="15"/>
<noBackgroundColor>true</noBackgroundColor>
<noForegroundColor>true</noForegroundColor>
</sourceLabel>
<targetLabel class="oracle.dbtools.crest.model.design.Label">
<site>2</site>
<labelBounds x="1191" y="378" width="26" height="13"/>
<noBackgroundColor>true</noBackgroundColor>
<noForegroundColor>true</noForegroundColor>
</targetLabel>
<points>
<point x="1300" y="375"/>
<point x="1181" y="375"/>
</points>
</Connector>
<Connector class="oracle.dbtools.crest.swingui.logical.TVRelation" oid="3CE1DDC6-B8A3-259B-C092-ED59A4D18799" otype="Relation" vid_source="D2830BB2-F640-C3D1-4626-2A36CB040559" vid_target="446D0073-1C8F-BB52-BE43-3F097BE2F93F">
<hideElementsInCurrentOnly>false</hideElementsInCurrentOnly>
<backgroundColor>-16777216</backgroundColor>
<lineWidth>1</lineWidth>
<sourceLabel class="oracle.dbtools.crest.model.design.Label">
<site>0</site>
<labelBounds x="1081" y="25" width="53" height="20"/>
<noBackgroundColor>true</noBackgroundColor>
<noForegroundColor>true</noForegroundColor>
</sourceLabel>
<targetLabel class="oracle.dbtools.crest.model.design.Label">
<site>2</site>
<labelBounds x="1001" y="48" width="35" height="20"/>
<noBackgroundColor>true</noBackgroundColor>
<noForegroundColor>true</noForegroundColor>
</targetLabel>
<points>
<point x="1140" y="45"/>
<point x="991" y="45"/>
</points>
</Connector>
<Connector class="oracle.dbtools.crest.swingui.logical.TVRelation" oid="46D440D7-F7E0-733D-677E-7A15E26370B9" otype="Relation" vid_source="ACA0897E-45E9-BB77-FD99-4E9CFC322835" vid_target="937B7A48-B6D8-B738-A6C9-ED3D9DF9B7D9">
<hideElementsInCurrentOnly>false</hideElementsInCurrentOnly>
<backgroundColor>-16777216</backgroundColor>
<lineWidth>1</lineWidth>
<sourceLabel class="oracle.dbtools.crest.model.design.Label">
<site>0</site>
<labelBounds x="1240" y="265" width="54" height="20"/>
<noBackgroundColor>true</noBackgroundColor>
<noForegroundColor>true</noForegroundColor>
</sourceLabel>
<targetLabel class="oracle.dbtools.crest.model.design.Label">
<site>2</site>
<labelBounds x="1191" y="288" width="30" height="17"/>
<noBackgroundColor>true</noBackgroundColor>
<noForegroundColor>true</noForegroundColor>
</targetLabel>
<points>
<point x="1300" y="285"/>
<point x="1181" y="285"/>
</points>
</Connector>
<Connector class="oracle.dbtools.crest.swingui.logical.TVInheritanceRelation" oid="546004DE-A398-4841-C1F4-EE386F640167" otype="Hierarchy relation" vid_source="F5B8315B-6C26-4CCC-DAC4-DE736822F8D3" vid_target="B9FC6076-FCF5-9AE1-8E07-F4D3FA0F1957">
<hideElementsInCurrentOnly>false</hideElementsInCurrentOnly>
<backgroundColor>-65536</backgroundColor>
<lineWidth>1</lineWidth>
<points>
<point x="1985" y="561"/>
<point x="1985" y="620"/>
</points>
</Connector>
<Connector class="oracle.dbtools.crest.swingui.logical.TVRelation" oid="6506E574-E28F-2E83-A020-CD100A4853AC" otype="Relation" vid_source="38F57CE5-EB57-2B9F-C9DA-01856E702421" vid_target="446D0073-1C8F-BB52-BE43-3F097BE2F93F">
<hideElementsInCurrentOnly>false</hideElementsInCurrentOnly>
<backgroundColor>-16777216</backgroundColor>
<lineWidth>1</lineWidth>
<sourceLabel class="oracle.dbtools.crest.model.design.Label">
<site>0</site>
<labelBounds x="1071" y="90" width="63" height="30"/>
<noBackgroundColor>true</noBackgroundColor>
<noForegroundColor>true</noForegroundColor>
</sourceLabel>
<targetLabel class="oracle.dbtools.crest.model.design.Label">
<site>2</site>
<labelBounds x="1001" y="123" width="29" height="30"/>
<noBackgroundColor>true</noBackgroundColor>
<noForegroundColor>true</noForegroundColor>
</targetLabel>
<points>
<point x="1140" y="120"/>
<point x="991" y="120"/>
</points>
</Connector>
<Connector class="oracle.dbtools.crest.swingui.logical.TVInheritanceRelation" oid="77EBCC91-C3EC-8A55-DF2E-E3EF48CDEE80" otype="Hierarchy relation" vid_source="EBB32A35-B276-17D4-42F3-F038CB47106F" vid_target="6E66C2B3-DB01-8BFD-192C-48A272567F93">
<hideElementsInCurrentOnly>false</hideElementsInCurrentOnly>
<backgroundColor>-65536</backgroundColor>
<lineWidth>1</lineWidth>
<points>
<point x="1720" y="380"/>
<point x="1720" y="480"/>
</points>
</Connector>
<Connector class="oracle.dbtools.crest.swingui.logical.TVRelation" oid="7A42BE27-E408-598A-EA1F-B510B0A716D3" otype="Relation" vid_source="446D0073-1C8F-BB52-BE43-3F097BE2F93F" vid_target="EBB32A35-B276-17D4-42F3-F038CB47106F">
<hideElementsInCurrentOnly>false</hideElementsInCurrentOnly>
<backgroundColor>-16777216</backgroundColor>
<lineWidth>1</lineWidth>
<sourceLabel class="oracle.dbtools.crest.model.design.Label">
<site>0</site>
<labelBounds x="970" y="222" width="61" height="13"/>
<noBackgroundColor>true</noBackgroundColor>
<noForegroundColor>true</noForegroundColor>
</sourceLabel>
<targetLabel class="oracle.dbtools.crest.model.design.Label">
<site>2</site>
<labelBounds x="1720" y="224" width="34" height="20"/>
<noBackgroundColor>true</noBackgroundColor>
<noForegroundColor>true</noForegroundColor>
</targetLabel>
<points>
<point x="970" y="171"/>
<point x="970" y="210"/>
<point x="1720" y="210"/>
<point x="1720" y="250"/>
</points>
</Connector>
<Connector class="oracle.dbtools.crest.swingui.logical.TVInheritanceRelation" oid="932F3A56-FA1B-7918-9587-58EB6E316FE1" otype="Hierarchy relation" vid_source="04FE4858-0CD3-4086-D970-F3D23FEBC241" vid_target="842300FE-1282-6514-821E-15524029F5FE">
<hideElementsInCurrentOnly>false</hideElementsInCurrentOnly>
<backgroundColor>-65536</backgroundColor>
<lineWidth>1</lineWidth>
<points>
<point x="660" y="355"/>
<point x="541" y="355"/>
</points>
</Connector>
<Connector class="oracle.dbtools.crest.swingui.logical.TVInheritanceRelation" oid="9A590E64-1508-CC60-1A16-91ADECD61025" otype="Hierarchy relation" vid_source="EBB32A35-B276-17D4-42F3-F038CB47106F" vid_target="1D15AD79-324F-7FF7-193E-56F64A9E48F6">
<hideElementsInCurrentOnly>false</hideElementsInCurrentOnly>
<backgroundColor>-65536</backgroundColor>
<lineWidth>1</lineWidth>
<points>
<point x="1600" y="380"/>
<point x="1600" y="480"/>
</points>
</Connector>
<Connector class="oracle.dbtools.crest.swingui.logical.TVRelation" oid="B3905611-BD81-7BA6-ADE7-483786D1A87C" otype="Relation" vid_source="937B7A48-B6D8-B738-A6C9-ED3D9DF9B7D9" vid_target="446D0073-1C8F-BB52-BE43-3F097BE2F93F">
<hideElementsInCurrentOnly>false</hideElementsInCurrentOnly>
<backgroundColor>-16777216</backgroundColor>
<lineWidth>1</lineWidth>
<sourceLabel class="oracle.dbtools.crest.model.design.Label">
<site>0</site>
<labelBounds x="898" y="254" width="46" height="16"/>
<noBackgroundColor>true</noBackgroundColor>
<noForegroundColor>true</noForegroundColor>
</sourceLabel>
<targetLabel class="oracle.dbtools.crest.model.design.Label">
<site>2</site>
<labelBounds x="910" y="193" width="48" height="13"/>
<noBackgroundColor>true</noBackgroundColor>
<noForegroundColor>true</noForegroundColor>
</targetLabel>
<points>
<point x="950" y="270"/>
<point x="910" y="270"/>
<point x="910" y="171"/>
</points>
</Connector>
<Connector class="oracle.dbtools.crest.swingui.logical.TVRelation" oid="CB453F0C-0367-F4ED-B6DE-729C8B4B8540" otype="Relation" vid_source="842300FE-1282-6514-821E-15524029F5FE" vid_target="842300FE-1282-6514-821E-15524029F5FE">
<hideElementsInCurrentOnly>false</hideElementsInCurrentOnly>
<backgroundColor>-16777216</backgroundColor>
<lineWidth>1</lineWidth>
<sourceLabel class="oracle.dbtools.crest.model.design.Label">
<site>0</site>
<labelBounds x="572" y="249" width="61" height="30"/>
<noBackgroundColor>true</noBackgroundColor>
<noForegroundColor>true</noForegroundColor>
</sourceLabel>
<targetLabel class="oracle.dbtools.crest.model.design.Label">
<site>2</site>
<labelBounds x="502" y="191" width="90" height="14"/>
<noBackgroundColor>true</noBackgroundColor>
<noForegroundColor>true</noForegroundColor>
</targetLabel>
<points>
<point x="541" y="264"/>
<point x="572" y="264"/>
<point x="572" y="204"/>
<point x="502" y="204"/>
<point x="502" y="240"/>
</points>
</Connector>
<Connector class="oracle.dbtools.crest.swingui.logical.TVInheritanceRelation" oid="CF283F7E-CA99-F1AF-2D6A-03A3F42E2752" otype="Hierarchy relation" vid_source="F5B8315B-6C26-4CCC-DAC4-DE736822F8D3" vid_target="1E59CEC2-8F7F-A695-7A11-7AE5611D5329">
<hideElementsInCurrentOnly>false</hideElementsInCurrentOnly>
<backgroundColor>-65536</backgroundColor>
<lineWidth>1</lineWidth>
<points>
<point x="1870" y="561"/>
<point x="1870" y="620"/>
</points>
</Connector>
<Connector class="oracle.dbtools.crest.swingui.logical.TVRelation" oid="D0B0751F-0170-9016-0E6B-605BE6B12C44" otype="Relation" vid_source="F207373E-7AEF-4162-2624-B12BACD5A3BC" vid_target="842300FE-1282-6514-821E-15524029F5FE">
<hideElementsInCurrentOnly>false</hideElementsInCurrentOnly>
<backgroundColor>-16777216</backgroundColor>
<lineWidth>1</lineWidth>
<sourceLabel class="oracle.dbtools.crest.model.design.Label">
<site>0</site>
<labelBounds x="355" y="500" width="56" height="14"/>
<noBackgroundColor>true</noBackgroundColor>
<noForegroundColor>true</noForegroundColor>
</sourceLabel>
<targetLabel class="oracle.dbtools.crest.model.design.Label">
<site>2</site>
<labelBounds x="355" y="483" width="51" height="22"/>
<noBackgroundColor>true</noBackgroundColor>
<noForegroundColor>true</noForegroundColor>
</targetLabel>
<points>
<point x="355" y="520"/>
<point x="355" y="431"/>
</points>
</Connector>
<Connector class="oracle.dbtools.crest.swingui.logical.TVRelation" oid="D77D11C8-0A55-F236-9047-E81740CDFD02" otype="Relation" vid_source="E0695DA2-B2F0-BACC-8428-E8C8989EFECD" vid_target="842300FE-1282-6514-821E-15524029F5FE">
<hideElementsInCurrentOnly>false</hideElementsInCurrentOnly>
<backgroundColor>-16777216</backgroundColor>
<lineWidth>1</lineWidth>
<sourceLabel class="oracle.dbtools.crest.model.design.Label">
<site>0</site>
<labelBounds x="231" y="275" width="50" height="20"/>
<noBackgroundColor>true</noBackgroundColor>
<noForegroundColor>true</noForegroundColor>
</sourceLabel>
<targetLabel class="oracle.dbtools.crest.model.design.Label">
<site>2</site>
<labelBounds x="260" y="298" width="34" height="13"/>
<noBackgroundColor>true</noBackgroundColor>
<noForegroundColor>true</noForegroundColor>
</targetLabel>
<points>
<point x="221" y="295"/>
<point x="300" y="295"/>
</points>
</Connector>
<Connector class="oracle.dbtools.crest.swingui.logical.TVRelation" oid="E18E6C4F-BFB8-94B0-A967-0CEAB007925E" otype="Relation" vid_source="446D0073-1C8F-BB52-BE43-3F097BE2F93F" vid_target="5FC48038-9879-AF0F-3540-6AB77A87C90E">
<hideElementsInCurrentOnly>false</hideElementsInCurrentOnly>
<backgroundColor>-16777216</backgroundColor>
<lineWidth>1</lineWidth>
<sourceLabel class="oracle.dbtools.crest.model.design.Label">
<site>0</site>
<labelBounds x="713" y="49" width="41" height="21"/>
<noBackgroundColor>true</noBackgroundColor>
<noForegroundColor>true</noForegroundColor>
</sourceLabel>
<targetLabel class="oracle.dbtools.crest.model.design.Label">
<site>2</site>
<labelBounds x="641" y="73" width="40" height="21"/>
<noBackgroundColor>true</noBackgroundColor>
<noForegroundColor>true</noForegroundColor>
</targetLabel>
<points>
<point x="760" y="70"/>
<point x="631" y="70"/>
</points>
</Connector>
<Connector class="oracle.dbtools.crest.swingui.logical.TVInheritanceRelation" oid="E25727F1-1170-4B57-00F9-C070DF41E7C6" otype="Hierarchy relation" vid_source="04FE4858-0CD3-4086-D970-F3D23FEBC241" vid_target="937B7A48-B6D8-B738-A6C9-ED3D9DF9B7D9">
<hideElementsInCurrentOnly>false</hideElementsInCurrentOnly>
<backgroundColor>-65536</backgroundColor>
<lineWidth>1</lineWidth>
<points>
<point x="881" y="355"/>
<point x="950" y="355"/>
</points>
</Connector>
<Connector class="oracle.dbtools.crest.swingui.logical.TVRelation" oid="ED102817-9F87-E459-D771-8BC00EE165B7" otype="Relation" vid_source="01D29D37-BD24-395F-A08C-84FDC999D0B7" vid_target="5FC48038-9879-AF0F-3540-6AB77A87C90E">
<hideElementsInCurrentOnly>false</hideElementsInCurrentOnly>
<backgroundColor>-16777216</backgroundColor>
<lineWidth>1</lineWidth>
<sourceLabel class="oracle.dbtools.crest.model.design.Label">
<site>0</site>
<labelBounds x="251" y="40" width="40" height="20"/>
<noBackgroundColor>true</noBackgroundColor>
<noForegroundColor>true</noForegroundColor>
</sourceLabel>
<targetLabel class="oracle.dbtools.crest.model.design.Label">
<site>2</site>
<labelBounds x="306" y="63" width="38" height="21"/>
<noBackgroundColor>true</noBackgroundColor>
<noForegroundColor>true</noForegroundColor>
</targetLabel>
<points>
<point x="241" y="60"/>
<point x="350" y="60"/>
</points>
</Connector>
<Connector class="oracle.dbtools.crest.swingui.logical.TVRelation" oid="F6B678AC-874C-1744-5E8A-A02DAC0DED3F" otype="Relation" vid_source="842300FE-1282-6514-821E-15524029F5FE" vid_target="446D0073-1C8F-BB52-BE43-3F097BE2F93F">
<hideElementsInCurrentOnly>false</hideElementsInCurrentOnly>
<backgroundColor>-16777216</backgroundColor>
<lineWidth>1</lineWidth>
<sourceLabel class="oracle.dbtools.crest.model.design.Label">
<site>0</site>
<labelBounds x="551" y="290" width="44" height="20"/>
<noBackgroundColor>true</noBackgroundColor>
<noForegroundColor>true</noForegroundColor>
</sourceLabel>
<targetLabel class="oracle.dbtools.crest.model.design.Label">
<site>2</site>
<labelBounds x="680" y="163" width="74" height="14"/>
<noBackgroundColor>true</noBackgroundColor>
<noForegroundColor>true</noForegroundColor>
</targetLabel>
<points>
<point x="541" y="310"/>
<point x="640" y="310"/>
<point x="640" y="160"/>
<point x="760" y="160"/>
</points>
</Connector>
</connectors>
<arcs>
<Arc class="oracle.dbtools.crest.swingui.logical.TVArc" oid="6D89F8E2-3C08-B2D9-6200-4290F17814AA" otype="Arc" vid="4CF967F5-A88F-6454-5439-05370A9438F7">
<hideElementsInCurrentOnly>false</hideElementsInCurrentOnly>
<bounds x="1570" y="230" width="311" height="170"/>
</Arc>
<Arc class="oracle.dbtools.crest.swingui.logical.TVArc" oid="9AC79F5B-6E60-60D4-0FC5-48BBB78FB26D" otype="Arc" vid="100BDDC5-3302-C94A-3A36-E06DF3BFEB1B">
<hideElementsInCurrentOnly>false</hideElementsInCurrentOnly>
<bounds x="1810" y="460" width="241" height="121"/>
</Arc>
</arcs>
</Diagram>