<?xml version = '1.0' encoding = 'UTF-8'?>
<Table class="oracle.dbtools.crest.model.design.relational.Table" directorySegmentName="seg_0" id="0989D437-4503-F3E2-265C-15C8ECA47C8E" name="PACIENTE">
<createdBy>jennifer</createdBy>
<createdTime>2025-09-15 22:51:57 UTC</createdTime>
<generatorID>7040ABF4-8E34-04F8-1419-561947FE899C</generatorID>
<ownerDesignName>Exp2_S5_Jennifer_Gonzalez_CasoCentroMedico</ownerDesignName>
<allowColumnReorder>false</allowColumnReorder>
<existDependencyGenerateInDDl>true</existDependencyGenerateInDDl>
<parsed>true</parsed>
<columns itemClass="oracle.dbtools.crest.model.design.relational.Column">
<Column name="rut" id="BD7C1B9B-A721-8232-FC2B-6889E53A229B">
<createdBy>jennifer</createdBy>
<createdTime>2025-09-15 22:51:57 UTC</createdTime>
<generatorID>0A3DD2C0-0691-EFC9-95D2-9D3F86839311</generatorID>
<ownerDesignName>Exp2_S5_Jennifer_Gonzalez_CasoCentroMedico</ownerDesignName>
<useDomainConstraints>false</useDomainConstraints>
<use>1</use>
<logicalDatatype>LOGDT019</logicalDatatype>
<ownDataTypeParameters>,,</ownDataTypeParameters>
<autoIncrementCycle>false</autoIncrementCycle>
<associations>
<colAssociation fkAssociation="7DF31C37-6812-DF33-42EE-2B5F9D19F21A" referredColumn="D7895F2D-9D74-413D-32ED-13B89A012AC0"/>
</associations>
</Column>
<Column name="id_paciente" id="86C66055-E573-3484-7417-B8A3A91D9979">
<createdBy>jennifer</createdBy>
<createdTime>2025-09-15 22:51:57 UTC</createdTime>
<generatorID>C6FC3887-5C26-0B66-016A-4EBBCEFD8F27</generatorID>
<ownerDesignName>Exp2_S5_Jennifer_Gonzalez_CasoCentroMedico</ownerDesignName>
<useDomainConstraints>false</useDomainConstraints>
<use>1</use>
<logicalDatatype>LOGDT019</logicalDatatype>
<ownDataTypeParameters>,,</ownDataTypeParameters>
<autoIncrementCycle>false</autoIncrementCycle>
</Column>
<Column name="fecha_nacimiento" id="869AAA6F-C1EA-4D4A-B708-7ABDBC02816E">
<createdBy>jennifer</createdBy>
<createdTime>2025-09-15 22:51:57 UTC</createdTime>
<generatorID>6EC20266-3546-05FA-3145-2427E367DC67</generatorID>
<ownerDesignName>Exp2_S5_Jennifer_Gonzalez_CasoCentroMedico</ownerDesignName>
<useDomainConstraints>false</useDomainConstraints>
<use>1</use>
<logicalDatatype>LOGDT007</logicalDatatype>
<ownDataTypeParameters>,,</ownDataTypeParameters>
<autoIncrementCycle>false</autoIncrementCycle>
</Column>
<Column name="telefono" id="14BF08B0-D06F-A7EB-4625-EB484F5FCC4C">
<createdBy>jennifer</createdBy>
<createdTime>2025-09-15 22:51:57 UTC</createdTime>
<generatorID>304BC47E-4F36-FDC7-CB79-356FE191CD32</generatorID>
<ownerDesignName>Exp2_S5_Jennifer_Gonzalez_CasoCentroMedico</ownerDesignName>
<useDomainConstraints>false</useDomainConstraints>
<use>1</use>
<logicalDatatype>LOGDT019</logicalDatatype>
<ownDataTypeParameters>,,</ownDataTypeParameters>
<autoIncrementCycle>false</autoIncrementCycle>
</Column>
<Column name="correo" id="811C8DEB-5901-3316-24E7-6D3100098DE1">
<createdBy>jennifer</createdBy>
<createdTime>2025-09-15 22:51:57 UTC</createdTime>
<generatorID>AE3CF249-91BD-3490-1AEB-447C51DE2BC8</generatorID>
<ownerDesignName>Exp2_S5_Jennifer_Gonzalez_CasoCentroMedico</ownerDesignName>
<nullsAllowed>true</nullsAllowed>
<useDomainConstraints>false</useDomainConstraints>
<use>1</use>
<logicalDatatype>LOGDT024</logicalDatatype>
<dataTypeSize>200</dataTypeSize>
<ownDataTypeParameters>200,,</ownDataTypeParameters>
<autoIncrementCycle>false</autoIncrementCycle>
</Column>
<Column name="direccion" id="CD561F99-37CD-7C4E-7695-30787D6F5A86">
<createdBy>jennifer</createdBy>
<createdTime>2025-09-15 22:51:57 UTC</createdTime>
<generatorID>D284A5AE-EE7D-CC1E-ABC2-1A756AA6811F</generatorID>
<ownerDesignName>Exp2_S5_Jennifer_Gonzalez_CasoCentroMedico</ownerDesignName>
<useDomainConstraints>false</useDomainConstraints>
<use>1</use>
<logicalDatatype>LOGDT024</logicalDatatype>
<dataTypeSize>200</dataTypeSize>
<ownDataTypeParameters>200,,</ownDataTypeParameters>
<autoIncrementCycle>false</autoIncrementCycle>
</Column>
<Column name="COMUNA_id_comuna" id="EE552E81-365E-8F15-EFC3-1C2843F04345">
<createdBy>jennifer</createdBy>
<createdTime>2025-09-15 22:51:57 UTC</createdTime>
<generatorID>1A9DACF1-1C9B-4CB1-9F51-D1C41F3FAF0F</generatorID>
<ownerDesignName>Exp2_S5_Jennifer_Gonzalez_CasoCentroMedico</ownerDesignName>
<useDomainConstraints>false</useDomainConstraints>
<use>1</use>
<logicalDatatype>LOGDT019</logicalDatatype>
<ownDataTypeParameters>,,</ownDataTypeParameters>
<previousColumn>false</previousColumn>
<autoIncrementCycle>false</autoIncrementCycle>
<associations>
<colAssociation fkAssociation="1CF00474-008E-F3B2-1E73-FF007AA25FBB" referredColumn="AE0FB38B-0AB3-3252-223A-708032B4AECB"/>
</associations>
</Column>
<Column name="GENERO_id_genero" id="4C963F7E-D2A3-17AB-4DFC-F7740FECC23E">
<createdBy>jennifer</createdBy>
<createdTime>2025-09-15 22:51:57 UTC</createdTime>
<generatorID>6A6EE0B6-14D0-DB5B-0D5C-B494F5CE4044</generatorID>
<ownerDesignName>Exp2_S5_Jennifer_Gonzalez_CasoCentroMedico</ownerDesignName>
<useDomainConstraints>false</useDomainConstraints>
<use>1</use>
<logicalDatatype>LOGDT019</logicalDatatype>
<ownDataTypeParameters>,,</ownDataTypeParameters>
<previousColumn>false</previousColumn>
<autoIncrementCycle>false</autoIncrementCycle>
<associations>
<colAssociation fkAssociation="96F4861F-7575-E0BD-B58A-EA783848A1FE" referredColumn="E13EEE93-ADB9-B2AE-CFE0-6D0B218B41C3"/>
</associations>
</Column>
<Column name="TIPO_USUARIO_id_tipo_usuario" id="20B07092-6A29-814C-918B-6A42C169A885">
<createdBy>jennifer</createdBy>
<createdTime>2025-09-15 22:51:57 UTC</createdTime>
<generatorID>BD974F09-BE1D-B6C3-EADA-15E557752612</generatorID>
<ownerDesignName>Exp2_S5_Jennifer_Gonzalez_CasoCentroMedico</ownerDesignName>
<useDomainConstraints>false</useDomainConstraints>
<use>1</use>
<logicalDatatype>LOGDT019</logicalDatatype>
<ownDataTypeParameters>,,</ownDataTypeParameters>
<previousColumn>false</previousColumn>
<autoIncrementCycle>false</autoIncrementCycle>
<associations>
<colAssociation fkAssociation="2C708C35-8351-5924-CFC1-D158243E6EA2" referredColumn="659C80FA-BD49-1899-6268-C80838971125"/>
</associations>
</Column>
</columns>
<indexes itemClass="oracle.dbtools.crest.model.design.relational.Index">
<ind_PK_UK id="B5C82976-F781-E948-3F11-9C66C78800D9" name="PK_PACIENTE">
<createdBy>jennifer</createdBy>
<createdTime>2025-09-15 22:51:57 UTC</createdTime>
<generatorID>6709C96F-538E-97AF-3DBC-BDE818F883D1</generatorID>
<ownerDesignName>Exp2_S5_Jennifer_Gonzalez_CasoCentroMedico</ownerDesignName>
<pk>true</pk>
<indexState>Primary Constraint</indexState>
<isSurrogateKey>false</isSurrogateKey>
<indexColumnUsage>
<colUsage columnID="BD7C1B9B-A721-8232-FC2B-6889E53A229B"/>
</indexColumnUsage>
</ind_PK_UK>
<ind_PK_UK id="A4958922-1433-F4B9-B182-529CD2EB8423" name="PACIENTE_PKv1">
<createdBy>jennifer</createdBy>
<createdTime>2025-09-15 22:51:57 UTC</createdTime>
<generatorID>43C230EA-64D6-DDA5-6634-65E07B8C0FD7</generatorID>
<ownerDesignName>Exp2_S5_Jennifer_Gonzalez_CasoCentroMedico</ownerDesignName>
<indexState>Unique Constraint</indexState>
<isSurrogateKey>false</isSurrogateKey>
<indexColumnUsage>
<colUsage columnID="86C66055-E573-3484-7417-B8A3A91D9979"/>
</indexColumnUsage>
</ind_PK_UK>
<ind_PK_UK id="B962AA8C-6090-0245-37CF-F399A23A154D" name="PACIENTE_correo_UN">
<createdBy>jennifer</createdBy>
<createdTime>2025-09-15 22:51:57 UTC</createdTime>
<generatorID>0F7417E0-1B19-9C13-5638-C70BDF36730D</generatorID>
<ownerDesignName>Exp2_S5_Jennifer_Gonzalez_CasoCentroMedico</ownerDesignName>
<indexState>Unique Constraint</indexState>
<isSurrogateKey>false</isSurrogateKey>
<indexColumnUsage>
<colUsage columnID="811C8DEB-5901-3316-24E7-6D3100098DE1"/>
</indexColumnUsage>
</ind_PK_UK>
<ind_PK_UK id="AAAF3893-9977-D48B-0C7D-E7AC16C05F6A" name="FK_PACIENTE_PERSONA">
<createdBy>jennifer</createdBy>
<createdTime>2025-09-15 22:51:57 UTC</createdTime>
<generatorID>E25727F1-1170-4B57-00F9-C070DF41E7C6</generatorID>
<ownerDesignName>Exp2_S5_Jennifer_Gonzalez_CasoCentroMedico</ownerDesignName>
<indexState>Foreign Key</indexState>
<isSurrogateKey>false</isSurrogateKey>
<indexColumnUsage>
<colUsage columnID="BD7C1B9B-A721-8232-FC2B-6889E53A229B"/>
</indexColumnUsage>
</ind_PK_UK>
<ind_PK_UK id="D17838AA-91B0-7178-888A-3D1E44E1F690" name="FK_PACIENTE_GENERO">
<createdBy>jennifer</createdBy>
<createdTime>2025-09-15 22:51:57 UTC</createdTime>
<generatorID>46D440D7-F7E0-733D-677E-7A15E26370B9</generatorID>
<ownerDesignName>Exp2_S5_Jennifer_Gonzalez_CasoCentroMedico</ownerDesignName>
<indexState>Foreign Key</indexState>
<isSurrogateKey>false</isSurrogateKey>
<indexColumnUsage>
<colUsage columnID="4C963F7E-D2A3-17AB-4DFC-F7740FECC23E"/>
</indexColumnUsage>
</ind_PK_UK>
<ind_PK_UK id="67485252-D60C-D031-1DE5-AEB369EFC737" name="FK_PACIENTE_COMUNA">
<createdBy>jennifer</createdBy>
<createdTime>2025-09-15 22:51:57 UTC</createdTime>
<generatorID>18BEFBB7-3797-43DF-9F31-2A58CDD7ABD2</generatorID>
<ownerDesignName>Exp2_S5_Jennifer_Gonzalez_CasoCentroMedico</ownerDesignName>
<indexState>Foreign Key</indexState>
<isSurrogateKey>false</isSurrogateKey>
<indexColumnUsage>
<colUsage columnID="EE552E81-365E-8F15-EFC3-1C2843F04345"/>
</indexColumnUsage>
</ind_PK_UK>
<ind_PK_UK id="03D4617B-0076-4D00-C651-1AF6D2D63B70" name="FK_PACIENTE_TIPO_USUARIO">
<createdBy>jennifer</createdBy>
<createdTime>2025-09-15 22:51:57 UTC</createdTime>
<generatorID>2EE41663-72D5-D91F-37E8-A0FFFE97660F</generatorID>
<ownerDesignName>Exp2_S5_Jennifer_Gonzalez_CasoCentroMedico</ownerDesignName>
<indexState>Foreign Key</indexState>
<isSurrogateKey>false</isSurrogateKey>
<indexColumnUsage>
<colUsage columnID="20B07092-6A29-814C-918B-6A42C169A885"/>
</indexColumnUsage>
</ind_PK_UK>
</indexes>
</Table>