<?xml version = '1.0' encoding = 'UTF-8'?>
<Table class="oracle.dbtools.crest.model.design.relational.Table" directorySegmentName="seg_0" id="47F09E14-E780-CCED-5B4C-6B482BBEDF94" name="INSTITUCION_SALUD">
<createdBy>jennifer</createdBy>
<createdTime>2025-09-15 22:51:57 UTC</createdTime>
<generatorID>6F8D3F9C-7FBF-66F8-590C-93900110CA73</generatorID>
<ownerDesignName>Exp2_S5_Jennifer_Gonzalez_CasoCentroMedico</ownerDesignName>
<allowColumnReorder>false</allowColumnReorder>
<existDependencyGenerateInDDl>true</existDependencyGenerateInDDl>
<parsed>true</parsed>
<columns itemClass="oracle.dbtools.crest.model.design.relational.Column">
<Column name="id_salud" id="95913520-07EE-68A5-C7A9-6FFBA9F17BFF">
<createdBy>jennifer</createdBy>
<createdTime>2025-09-15 22:51:57 UTC</createdTime>
<generatorID>E63C6632-EE68-523A-2FA2-3DBCA9D0F2C6</generatorID>
<ownerDesignName>Exp2_S5_Jennifer_Gonzalez_CasoCentroMedico</ownerDesignName>
<useDomainConstraints>false</useDomainConstraints>
<use>1</use>
<logicalDatatype>LOGDT019</logicalDatatype>
<ownDataTypeParameters>,,</ownDataTypeParameters>
<autoIncrementCycle>false</autoIncrementCycle>
</Column>
<Column name="nombre" id="C5448B46-5071-3BC9-231E-6CF1DAAD476F">
<createdBy>jennifer</createdBy>
<createdTime>2025-09-15 22:51:57 UTC</createdTime>
<generatorID>7F470477-E267-A18B-C418-6C84B5E02160</generatorID>
<ownerDesignName>Exp2_S5_Jennifer_Gonzalez_CasoCentroMedico</ownerDesignName>
<useDomainConstraints>false</useDomainConstraints>
<use>1</use>
<logicalDatatype>LOGDT024</logicalDatatype>
<dataTypeSize>50</dataTypeSize>
<listOfValues>
<valueDef value="&quot;FONASA&quot;" description=""/>
<valueDef value="&quot;ISAPRE&quot;" description=""/>
</listOfValues>
<ownDataTypeParameters>50,,</ownDataTypeParameters>
<autoIncrementCycle>false</autoIncrementCycle>
</Column>
</columns>
<indexes itemClass="oracle.dbtools.crest.model.design.relational.Index">
<ind_PK_UK id="609970B9-0565-899A-5EC5-5857346DC682" name="PK_INSTITUCION_SALUD">
<createdBy>jennifer</createdBy>
<createdTime>2025-09-15 22:51:57 UTC</createdTime>
<generatorID>45F80663-A6DD-FD94-9FF6-10679D93F6E2</generatorID>
<ownerDesignName>Exp2_S5_Jennifer_Gonzalez_CasoCentroMedico</ownerDesignName>
<pk>true</pk>
<indexState>Primary Constraint</indexState>
<isSurrogateKey>false</isSurrogateKey>
<indexColumnUsage>
<colUsage columnID="95913520-07EE-68A5-C7A9-6FFBA9F17BFF"/>
</indexColumnUsage>
</ind_PK_UK>
</indexes>
</Table>