<?xml version = '1.0' encoding = 'UTF-8'?>
<Table class="oracle.dbtools.crest.model.design.relational.Table" directorySegmentName="seg_0" id="7191DDBD-05FA-B133-CD5D-85E34BC20B55" name="DEBITO">
<createdBy>jennifer</createdBy>
<createdTime>2025-09-15 22:51:57 UTC</createdTime>
<generatorID>92F233A7-5498-8CC7-C16C-3D2E3DAC287C</generatorID>
<ownerDesignName>Exp2_S5_Jennifer_Gonzalez_CasoCentroMedico</ownerDesignName>
<ordsAlias>pago_tarjeta_debito</ordsAlias>
<allowColumnReorder>false</allowColumnReorder>
<existDependencyGenerateInDDl>true</existDependencyGenerateInDDl>
<parsed>true</parsed>
<columns itemClass="oracle.dbtools.crest.model.design.relational.Column">
<Column name="id_pago" id="4D72C3DE-F94F-362B-0F40-2136623E59DC">
<createdBy>jennifer</createdBy>
<createdTime>2025-09-15 22:51:57 UTC</createdTime>
<generatorID>9678220E-A00A-6267-9F45-79CFA39321B2</generatorID>
<ownerDesignName>Exp2_S5_Jennifer_Gonzalez_CasoCentroMedico</ownerDesignName>
<useDomainConstraints>false</useDomainConstraints>
<use>1</use>
<logicalDatatype>LOGDT019</logicalDatatype>
<ownDataTypeParameters>,,</ownDataTypeParameters>
<autoIncrementCycle>false</autoIncrementCycle>
<associations>
<colAssociation fkAssociation="65DB75B2-1DB3-EDE1-34C4-AAA798841AAA" referredColumn="AEFDC005-3E1C-1430-6535-BB309E2CDA8A"/>
</associations>
</Column>
</columns>
<indexes itemClass="oracle.dbtools.crest.model.design.relational.Index">
<ind_PK_UK id="592869E9-38E6-12E5-5C88-FE10FBA994C1" name="PK_DEBITO">
<createdBy>jennifer</createdBy>
<createdTime>2025-09-15 22:51:57 UTC</createdTime>
<generatorID>0BFDA6C5-3033-D158-E730-9731C949F60F</generatorID>
<ownerDesignName>Exp2_S5_Jennifer_Gonzalez_CasoCentroMedico</ownerDesignName>
<pk>true</pk>
<indexState>Primary Constraint</indexState>
<isSurrogateKey>false</isSurrogateKey>
<indexColumnUsage>
<colUsage columnID="4D72C3DE-F94F-362B-0F40-2136623E59DC"/>
</indexColumnUsage>
</ind_PK_UK>
<ind_PK_UK id="30926A7C-E553-4FDC-F69B-6104D2341B1C" name="FK_DEBITO_TARJETA">
<createdBy>jennifer</createdBy>
<createdTime>2025-09-15 22:51:57 UTC</createdTime>
<generatorID>CF283F7E-CA99-F1AF-2D6A-03A3F42E2752</generatorID>
<ownerDesignName>Exp2_S5_Jennifer_Gonzalez_CasoCentroMedico</ownerDesignName>
<indexState>Foreign Key</indexState>
<isSurrogateKey>false</isSurrogateKey>
<indexColumnUsage>
<colUsage columnID="4D72C3DE-F94F-362B-0F40-2136623E59DC"/>
</indexColumnUsage>
</ind_PK_UK>
</indexes>
</Table>