<?xml version = '1.0' encoding = 'UTF-8'?>
<Table class="oracle.dbtools.crest.model.design.relational.Table" directorySegmentName="seg_0" id="848187B6-A300-47BD-E782-64C4E5D959D3" name="ATENCION">
<createdBy>jennifer</createdBy>
<createdTime>2025-09-15 22:51:57 UTC</createdTime>
<generatorID>5F8D0392-A48E-2765-664C-2EB45D663037</generatorID>
<ownerDesignName>Exp2_S5_Jennifer_Gonzalez_CasoCentroMedico</ownerDesignName>
<ordsAlias>atencion_medica</ordsAlias>
<allowColumnReorder>false</allowColumnReorder>
<existDependencyGenerateInDDl>true</existDependencyGenerateInDDl>
<parsed>true</parsed>
<columns itemClass="oracle.dbtools.crest.model.design.relational.Column">
<Column name="id_atencion" id="6118AE51-9B21-7D68-0E30-3B6683E4C930">
<createdBy>jennifer</createdBy>
<createdTime>2025-09-15 22:51:57 UTC</createdTime>
<generatorID>882B33A0-49AA-FACD-31A2-14ED1DB350D8</generatorID>
<ownerDesignName>Exp2_S5_Jennifer_Gonzalez_CasoCentroMedico</ownerDesignName>
<useDomainConstraints>false</useDomainConstraints>
<use>1</use>
<logicalDatatype>LOGDT019</logicalDatatype>
<ownDataTypeParameters>,,</ownDataTypeParameters>
<autoIncrementCycle>false</autoIncrementCycle>
</Column>
<Column name="fecha" id="03094111-73CA-ADE8-55D6-DD698643C873">
<createdBy>jennifer</createdBy>
<createdTime>2025-09-15 22:51:57 UTC</createdTime>
<generatorID>29BD82B5-00D7-BD7D-C268-C703A997183D</generatorID>
<ownerDesignName>Exp2_S5_Jennifer_Gonzalez_CasoCentroMedico</ownerDesignName>
<useDomainConstraints>false</useDomainConstraints>
<use>1</use>
<logicalDatatype>LOGDT007</logicalDatatype>
<ownDataTypeParameters>,,</ownDataTypeParameters>
<autoIncrementCycle>false</autoIncrementCycle>
</Column>
<Column name="diagnostico" id="B8CCA6AE-CF6B-2985-47F7-6E6B7CBFBCE7">
<createdBy>jennifer</createdBy>
<createdTime>2025-09-15 22:51:57 UTC</createdTime>
<generatorID>C746643F-B620-2F27-F0E5-2C08AD09C99C</generatorID>
<ownerDesignName>Exp2_S5_Jennifer_Gonzalez_CasoCentroMedico</ownerDesignName>
<useDomainConstraints>false</useDomainConstraints>
<use>1</use>
<logicalDatatype>LOGDT024</logicalDatatype>
<dataTypeSize>200</dataTypeSize>
<ownDataTypeParameters>200,,</ownDataTypeParameters>
<autoIncrementCycle>false</autoIncrementCycle>
</Column>
<Column name="TIPO_ATENCION_id_tipo_atencion" id="5A5B4574-EC6D-3786-C7C0-53AA2638F1C4">
<createdBy>jennifer</createdBy>
<createdTime>2025-09-15 22:51:57 UTC</createdTime>
<generatorID>9F007DD6-5ECF-E4DF-0190-E6533841D1F9</generatorID>
<ownerDesignName>Exp2_S5_Jennifer_Gonzalez_CasoCentroMedico</ownerDesignName>
<useDomainConstraints>false</useDomainConstraints>
<use>1</use>
<logicalDatatype>LOGDT019</logicalDatatype>
<ownDataTypeParameters>,,</ownDataTypeParameters>
<previousColumn>false</previousColumn>
<autoIncrementCycle>false</autoIncrementCycle>
<associations>
<colAssociation fkAssociation="6A91514C-FC3B-C74C-4713-7C5A1D53155A" referredColumn="BBDAE9F0-B022-87B3-CE0E-4DA33A8B988C"/>
</associations>
</Column>
<Column name="MODALIDAD_id_modalidad" id="2720FF25-3BBD-64AB-0F60-26D975DA4171">
<createdBy>jennifer</createdBy>
<createdTime>2025-09-15 22:51:57 UTC</createdTime>
<generatorID>3617FEFB-1FE4-13C7-E48A-5B35F0BFD39F</generatorID>
<ownerDesignName>Exp2_S5_Jennifer_Gonzalez_CasoCentroMedico</ownerDesignName>
<useDomainConstraints>false</useDomainConstraints>
<use>1</use>
<logicalDatatype>LOGDT019</logicalDatatype>
<ownDataTypeParameters>,,</ownDataTypeParameters>
<previousColumn>false</previousColumn>
<autoIncrementCycle>false</autoIncrementCycle>
<associations>
<colAssociation fkAssociation="49644124-3ACE-B8DC-264D-095985ED793D" referredColumn="62F8FCBB-C5DE-B0CC-5B1B-AE9F3D4E4E32"/>
</associations>
</Column>
<Column name="PACIENTE_id_paciente" id="65DECCFA-142B-EE17-886E-9CE1F065FD8B">
<createdBy>jennifer</createdBy>
<createdTime>2025-09-15 22:51:57 UTC</createdTime>
<generatorID>B394AAEE-A9A8-F9D6-DC5B-DB78E26701F4</generatorID>
<ownerDesignName>Exp2_S5_Jennifer_Gonzalez_CasoCentroMedico</ownerDesignName>
<useDomainConstraints>false</useDomainConstraints>
<use>1</use>
<logicalDatatype>LOGDT019</logicalDatatype>
<ownDataTypeParameters>,,</ownDataTypeParameters>
<previousColumn>false</previousColumn>
<autoIncrementCycle>false</autoIncrementCycle>
<associations>
<colAssociation fkAssociation="22803DB1-9FC6-1DD7-4F5B-CF4D3939DE6B" referredColumn="86C66055-E573-3484-7417-B8A3A91D9979"/>
</associations>
</Column>
<Column name="MEDICO_id_medico" id="515357F3-277F-F4FB-3655-2E02AA4EE28E">
<createdBy>jennifer</createdBy>
<createdTime>2025-09-15 22:51:57 UTC</createdTime>
<generatorID>DCB8C450-6874-B31C-0F20-801985F793A1</generatorID>
<ownerDesignName>Exp2_S5_Jennifer_Gonzalez_CasoCentroMedico</ownerDesignName>
<useDomainConstraints>false</useDomainConstraints>
<use>1</use>
<logicalDatatype>LOGDT019</logicalDatatype>
<ownDataTypeParameters>,,</ownDataTypeParameters>
<previousColumn>false</previousColumn>
<autoIncrementCycle>false</autoIncrementCycle>
<associations>
<colAssociation fkAssociation="00DC22B7-566F-CA27-F584-A94B4A3EE131" referredColumn="1CE225F9-5E0B-084B-5F51-9E40E86C8243"/>
</associations>
</Column>
<Column name="PAGO_id_pago" id="9C4CFD48-E317-ECC5-BF23-C050F2855905">
<createdBy>jennifer</createdBy>
<createdTime>2025-09-15 22:51:57 UTC</createdTime>
<generatorID>2D38F322-0570-8B28-F868-CB8DEDC93C6F</generatorID>
<ownerDesignName>Exp2_S5_Jennifer_Gonzalez_CasoCentroMedico</ownerDesignName>
<useDomainConstraints>false</useDomainConstraints>
<use>1</use>
<logicalDatatype>LOGDT019</logicalDatatype>
<ownDataTypeParameters>,,</ownDataTypeParameters>
<previousColumn>false</previousColumn>
<autoIncrementCycle>false</autoIncrementCycle>
<associations>
<colAssociation fkAssociation="85EEAEF5-7BAB-FF07-9C6E-BFA9C75B8083" referredColumn="0F7999C6-E337-6CCC-CA92-9D95167FF2BA"/>
</associations>
</Column>
</columns>
<indexes itemClass="oracle.dbtools.crest.model.design.relational.Index">
<ind_PK_UK id="45AD5A40-C015-115A-B012-6FDC69F056C1" name="PK_ATENCION">
<createdBy>jennifer</createdBy>
<createdTime>2025-09-15 22:51:57 UTC</createdTime>
<generatorID>9A92E287-4FD9-A97D-C55C-34758C8BA314</generatorID>
<ownerDesignName>Exp2_S5_Jennifer_Gonzalez_CasoCentroMedico</ownerDesignName>
<pk>true</pk>
<indexState>Primary Constraint</indexState>
<isSurrogateKey>false</isSurrogateKey>
<indexColumnUsage>
<colUsage columnID="6118AE51-9B21-7D68-0E30-3B6683E4C930"/>
</indexColumnUsage>
</ind_PK_UK>
<ind_PK_UK id="F3CD9660-8D01-7C8D-CB6F-DE1F8A3ADF3E" name="ATENCION_MEDICA__IDX">
<createdBy>jennifer</createdBy>
<createdTime>2025-09-15 22:51:57 UTC</createdTime>
<ownerDesignName>Exp2_S5_Jennifer_Gonzalez_CasoCentroMedico</ownerDesignName>
<indexState>Unique Plain Index</indexState>
<isSurrogateKey>false</isSurrogateKey>
<relationGeneratorID>7A42BE27-E408-598A-EA1F-B510B0A716D3</relationGeneratorID>
<indexColumnUsage>
<colUsage columnID="9C4CFD48-E317-ECC5-BF23-C050F2855905"/>
</indexColumnUsage>
</ind_PK_UK>
<ind_PK_UK id="241041B2-BE2E-D6C0-273C-F13C2AF46983" name="FK_ATENCION_PAGO">
<createdBy>jennifer</createdBy>
<createdTime>2025-09-15 22:51:57 UTC</createdTime>
<generatorID>7A42BE27-E408-598A-EA1F-B510B0A716D3</generatorID>
<ownerDesignName>Exp2_S5_Jennifer_Gonzalez_CasoCentroMedico</ownerDesignName>
<indexState>Foreign Key</indexState>
<isSurrogateKey>false</isSurrogateKey>
<indexColumnUsage>
<colUsage columnID="9C4CFD48-E317-ECC5-BF23-C050F2855905"/>
</indexColumnUsage>
</ind_PK_UK>
<ind_PK_UK id="ADE90597-1046-AD55-1258-7DB6A12D1A07" name="FK_ATENCION_MEDICO">
<createdBy>jennifer</createdBy>
<createdTime>2025-09-15 22:51:57 UTC</createdTime>
<generatorID>F6B678AC-874C-1744-5E8A-A02DAC0DED3F</generatorID>
<ownerDesignName>Exp2_S5_Jennifer_Gonzalez_CasoCentroMedico</ownerDesignName>
<indexState>Foreign Key</indexState>
<isSurrogateKey>false</isSurrogateKey>
<indexColumnUsage>
<colUsage columnID="515357F3-277F-F4FB-3655-2E02AA4EE28E"/>
</indexColumnUsage>
</ind_PK_UK>
<ind_PK_UK id="0CF69B38-E107-1B74-F8E8-130AD5D1ADD1" name="FK_ATENCION_MODALIDAD">
<createdBy>jennifer</createdBy>
<createdTime>2025-09-15 22:51:57 UTC</createdTime>
<generatorID>6506E574-E28F-2E83-A020-CD100A4853AC</generatorID>
<ownerDesignName>Exp2_S5_Jennifer_Gonzalez_CasoCentroMedico</ownerDesignName>
<indexState>Foreign Key</indexState>
<isSurrogateKey>false</isSurrogateKey>
<indexColumnUsage>
<colUsage columnID="2720FF25-3BBD-64AB-0F60-26D975DA4171"/>
</indexColumnUsage>
</ind_PK_UK>
<ind_PK_UK id="8B29746C-E0D9-B460-D4EC-539F504A9721" name="FK_ATENCION_PACIENTE">
<createdBy>jennifer</createdBy>
<createdTime>2025-09-15 22:51:57 UTC</createdTime>
<generatorID>B3905611-BD81-7BA6-ADE7-483786D1A87C</generatorID>
<ownerDesignName>Exp2_S5_Jennifer_Gonzalez_CasoCentroMedico</ownerDesignName>
<indexState>Foreign Key</indexState>
<isSurrogateKey>false</isSurrogateKey>
<indexColumnUsage>
<colUsage columnID="65DECCFA-142B-EE17-886E-9CE1F065FD8B"/>
</indexColumnUsage>
</ind_PK_UK>
<ind_PK_UK id="7489E38B-4548-371D-897D-1EB6F82D33DA" name="FK_ATENCION_TIPO_ATENCION">
<createdBy>jennifer</createdBy>
<createdTime>2025-09-15 22:51:57 UTC</createdTime>
<generatorID>3CE1DDC6-B8A3-259B-C092-ED59A4D18799</generatorID>
<ownerDesignName>Exp2_S5_Jennifer_Gonzalez_CasoCentroMedico</ownerDesignName>
<indexState>Foreign Key</indexState>
<isSurrogateKey>false</isSurrogateKey>
<indexColumnUsage>
<colUsage columnID="5A5B4574-EC6D-3786-C7C0-53AA2638F1C4"/>
</indexColumnUsage>
</ind_PK_UK>
</indexes>
</Table>