<?xml version = '1.0' encoding = 'UTF-8'?>
<Table class="oracle.dbtools.crest.model.design.relational.Table" directorySegmentName="seg_0" id="88335B02-BAAB-95EC-F880-A151747C865B" name="PAGO">
<createdBy>jennifer</createdBy>
<createdTime>2025-09-15 22:51:57 UTC</createdTime>
<generatorID>1F1E0034-42A1-F17C-9482-792B856D7265</generatorID>
<ownerDesignName>Exp2_S5_Jennifer_Gonzalez_CasoCentroMedico</ownerDesignName>
<ordsAlias>pago_atencion</ordsAlias>
<allowColumnReorder>false</allowColumnReorder>
<existDependencyGenerateInDDl>true</existDependencyGenerateInDDl>
<parsed>true</parsed>
<columns itemClass="oracle.dbtools.crest.model.design.relational.Column">
<Column name="id_pago" id="0F7999C6-E337-6CCC-CA92-9D95167FF2BA">
<createdBy>jennifer</createdBy>
<createdTime>2025-09-15 22:51:57 UTC</createdTime>
<generatorID>9678220E-A00A-6267-9F45-79CFA39321B2</generatorID>
<ownerDesignName>Exp2_S5_Jennifer_Gonzalez_CasoCentroMedico</ownerDesignName>
<useDomainConstraints>false</useDomainConstraints>
<use>1</use>
<logicalDatatype>LOGDT019</logicalDatatype>
<ownDataTypeParameters>,,</ownDataTypeParameters>
<autoIncrementCycle>false</autoIncrementCycle>
</Column>
<Column name="fecha" id="C2FCBA34-4A60-0569-5D27-B94A616956A2">
<createdBy>jennifer</createdBy>
<createdTime>2025-09-15 22:51:57 UTC</createdTime>
<generatorID>B961E9D1-4F0B-C1FC-5D4C-0C21632031BD</generatorID>
<ownerDesignName>Exp2_S5_Jennifer_Gonzalez_CasoCentroMedico</ownerDesignName>
<useDomainConstraints>false</useDomainConstraints>
<use>1</use>
<logicalDatatype>LOGDT007</logicalDatatype>
<ownDataTypeParameters>,,</ownDataTypeParameters>
<autoIncrementCycle>false</autoIncrementCycle>
</Column>
<Column name="monto" id="DFE66F90-4E29-AB28-245D-F280E92AD576">
<createdBy>jennifer</createdBy>
<createdTime>2025-09-15 22:51:57 UTC</createdTime>
<generatorID>3ACE62F5-0A6A-6873-A93B-7FCF4CC27273</generatorID>
<ownerDesignName>Exp2_S5_Jennifer_Gonzalez_CasoCentroMedico</ownerDesignName>
<constraintName>CK_PAGO_ATENCION_MONTO</constraintName>
<useDomainConstraints>false</useDomainConstraints>
<use>1</use>
<logicalDatatype>LOGDT019</logicalDatatype>
<checkConstraint>
<implementationDef dbType="Generic Constraint" definition="monto &gt;= 0"/>
</checkConstraint>
<ownDataTypeParameters>,,</ownDataTypeParameters>
<autoIncrementCycle>false</autoIncrementCycle>
</Column>
<Column name="ATENCION_id_atencion" id="2D35FE0B-C3AB-3D61-7B31-8820891B18DD">
<createdBy>jennifer</createdBy>
<createdTime>2025-09-15 22:51:57 UTC</createdTime>
<generatorID>52D6A937-BE26-69A1-9D49-632AF81D82DB</generatorID>
<ownerDesignName>Exp2_S5_Jennifer_Gonzalez_CasoCentroMedico</ownerDesignName>
<useDomainConstraints>false</useDomainConstraints>
<use>1</use>
<logicalDatatype>LOGDT019</logicalDatatype>
<ownDataTypeParameters>,,</ownDataTypeParameters>
<previousColumn>false</previousColumn>
<autoIncrementCycle>false</autoIncrementCycle>
<associations>
<colAssociation fkAssociation="FBEE562A-9C5A-3087-6A5C-2FD501E9D781" referredColumn="6118AE51-9B21-7D68-0E30-3B6683E4C930"/>
</associations>
</Column>
</columns>
<indexes itemClass="oracle.dbtools.crest.model.design.relational.Index">
<ind_PK_UK id="CAD54344-D1AD-F7DB-70A8-8BEE019C6552" name="PK_PAGO">
<createdBy>jennifer</createdBy>
<createdTime>2025-09-15 22:51:57 UTC</createdTime>
<generatorID>0BFDA6C5-3033-D158-E730-9731C949F60F</generatorID>
<ownerDesignName>Exp2_S5_Jennifer_Gonzalez_CasoCentroMedico</ownerDesignName>
<pk>true</pk>
<indexState>Primary Constraint</indexState>
<isSurrogateKey>false</isSurrogateKey>
<indexColumnUsage>
<colUsage columnID="0F7999C6-E337-6CCC-CA92-9D95167FF2BA"/>
</indexColumnUsage>
</ind_PK_UK>
<ind_PK_UK id="28018121-0E99-3E78-EDF1-583B72A952B3" name="PAGO_ATENCION__IDX">
<createdBy>jennifer</createdBy>
<createdTime>2025-09-15 22:51:57 UTC</createdTime>
<ownerDesignName>Exp2_S5_Jennifer_Gonzalez_CasoCentroMedico</ownerDesignName>
<indexState>Unique Plain Index</indexState>
<isSurrogateKey>false</isSurrogateKey>
<relationGeneratorID>7A42BE27-E408-598A-EA1F-B510B0A716D3</relationGeneratorID>
<indexColumnUsage>
<colUsage columnID="2D35FE0B-C3AB-3D61-7B31-8820891B18DD"/>
</indexColumnUsage>
</ind_PK_UK>
<ind_PK_UK id="9E1B03E9-9DD1-39D6-4447-0EB03A270843" name="FK_PAGO_ATENCION">
<createdBy>jennifer</createdBy>
<createdTime>2025-09-15 22:51:57 UTC</createdTime>
<generatorID>7A42BE27-E408-598A-EA1F-B510B0A716D3</generatorID>
<ownerDesignName>Exp2_S5_Jennifer_Gonzalez_CasoCentroMedico</ownerDesignName>
<indexState>Foreign Key</indexState>
<isSurrogateKey>false</isSurrogateKey>
<indexColumnUsage>
<colUsage columnID="2D35FE0B-C3AB-3D61-7B31-8820891B18DD"/>
</indexColumnUsage>
</ind_PK_UK>
</indexes>
</Table>