<?xml version = '1.0' encoding = 'UTF-8'?>
<Table class="oracle.dbtools.crest.model.design.relational.Table" directorySegmentName="seg_0" id="88FEBCDC-B7BF-E1D1-C1C6-189F33A8DBF3" name="CONVENIO">
<createdBy>jennifer</createdBy>
<createdTime>2025-09-15 22:51:57 UTC</createdTime>
<generatorID>7E8BC07B-E6EE-F75F-71BA-B76CA16FD23C</generatorID>
<ownerDesignName>Exp2_S5_Jennifer_Gonzalez_CasoCentroMedico</ownerDesignName>
<ordsAlias>pago_convenio</ordsAlias>
<allowColumnReorder>false</allowColumnReorder>
<existDependencyGenerateInDDl>true</existDependencyGenerateInDDl>
<parsed>true</parsed>
<columns itemClass="oracle.dbtools.crest.model.design.relational.Column">
<Column name="id_pago" id="4613EF2A-842E-B491-C5BA-6B0B925CB83D">
<createdBy>jennifer</createdBy>
<createdTime>2025-09-15 22:51:57 UTC</createdTime>
<generatorID>9678220E-A00A-6267-9F45-79CFA39321B2</generatorID>
<ownerDesignName>Exp2_S5_Jennifer_Gonzalez_CasoCentroMedico</ownerDesignName>
<useDomainConstraints>false</useDomainConstraints>
<use>1</use>
<logicalDatatype>LOGDT019</logicalDatatype>
<ownDataTypeParameters>,,</ownDataTypeParameters>
<autoIncrementCycle>false</autoIncrementCycle>
<associations>
<colAssociation fkAssociation="5942A1B7-819E-CB02-3046-8303E39F951B" referredColumn="0F7999C6-E337-6CCC-CA92-9D95167FF2BA"/>
</associations>
</Column>
<Column name="institucion" id="64AF8406-2C58-3831-0EFE-188429CAA899">
<createdBy>jennifer</createdBy>
<createdTime>2025-09-15 22:51:57 UTC</createdTime>
<generatorID>3CA64825-6E0E-D628-4896-ACE281DC376F</generatorID>
<ownerDesignName>Exp2_S5_Jennifer_Gonzalez_CasoCentroMedico</ownerDesignName>
<useDomainConstraints>false</useDomainConstraints>
<use>1</use>
<logicalDatatype>LOGDT024</logicalDatatype>
<dataTypeSize>200</dataTypeSize>
<ownDataTypeParameters>200,,</ownDataTypeParameters>
<autoIncrementCycle>false</autoIncrementCycle>
</Column>
</columns>
<indexes itemClass="oracle.dbtools.crest.model.design.relational.Index">
<ind_PK_UK id="8D9E7943-0536-EDE3-0306-6F7BD06CEBBB" name="PK_CONVENIO">
<createdBy>jennifer</createdBy>
<createdTime>2025-09-15 22:51:57 UTC</createdTime>
<generatorID>0BFDA6C5-3033-D158-E730-9731C949F60F</generatorID>
<ownerDesignName>Exp2_S5_Jennifer_Gonzalez_CasoCentroMedico</ownerDesignName>
<pk>true</pk>
<indexState>Primary Constraint</indexState>
<isSurrogateKey>false</isSurrogateKey>
<indexColumnUsage>
<colUsage columnID="4613EF2A-842E-B491-C5BA-6B0B925CB83D"/>
</indexColumnUsage>
</ind_PK_UK>
<ind_PK_UK id="19B74892-1475-47FA-33CC-028B7FCD5BD5" name="FK_CONVENIO_PAGO">
<createdBy>jennifer</createdBy>
<createdTime>2025-09-15 22:51:57 UTC</createdTime>
<generatorID>9A590E64-1508-CC60-1A16-91ADECD61025</generatorID>
<ownerDesignName>Exp2_S5_Jennifer_Gonzalez_CasoCentroMedico</ownerDesignName>
<indexState>Foreign Key</indexState>
<isSurrogateKey>false</isSurrogateKey>
<indexColumnUsage>
<colUsage columnID="4613EF2A-842E-B491-C5BA-6B0B925CB83D"/>
</indexColumnUsage>
</ind_PK_UK>
</indexes>
</Table>