<?xml version = '1.0' encoding = 'UTF-8'?>
<Table class="oracle.dbtools.crest.model.design.relational.Table" directorySegmentName="seg_0" id="C483BA69-2B3F-3793-D783-0890EE646D56" name="SOLICITUD_EXAMEN">
<createdBy>jennifer</createdBy>
<createdTime>2025-09-15 22:51:57 UTC</createdTime>
<generatorID>C8628EA9-3CFE-56B8-F65D-E1A429D2B560</generatorID>
<ownerDesignName>Exp2_S5_Jennifer_Gonzalez_CasoCentroMedico</ownerDesignName>
<allowColumnReorder>false</allowColumnReorder>
<existDependencyGenerateInDDl>true</existDependencyGenerateInDDl>
<parsed>true</parsed>
<columns itemClass="oracle.dbtools.crest.model.design.relational.Column">
<Column name="id_solicitud_examen" id="11CE7E98-9930-FFB6-CC66-9FFAAF01DD62">
<createdBy>jennifer</createdBy>
<createdTime>2025-09-15 22:51:57 UTC</createdTime>
<generatorID>B4B473FB-3144-A913-0798-311E9CF39FC0</generatorID>
<ownerDesignName>Exp2_S5_Jennifer_Gonzalez_CasoCentroMedico</ownerDesignName>
<useDomainConstraints>false</useDomainConstraints>
<use>1</use>
<logicalDatatype>LOGDT019</logicalDatatype>
<ownDataTypeParameters>,,</ownDataTypeParameters>
<autoIncrementCycle>false</autoIncrementCycle>
</Column>
<Column name="fecha" id="9316D559-3F4E-71C3-E79D-027CCB341ED6">
<createdBy>jennifer</createdBy>
<createdTime>2025-09-15 22:51:57 UTC</createdTime>
<generatorID>E8D39CAA-9403-CB49-D46C-CD232958419E</generatorID>
<ownerDesignName>Exp2_S5_Jennifer_Gonzalez_CasoCentroMedico</ownerDesignName>
<useDomainConstraints>false</useDomainConstraints>
<use>1</use>
<logicalDatatype>LOGDT007</logicalDatatype>
<ownDataTypeParameters>,,</ownDataTypeParameters>
<autoIncrementCycle>false</autoIncrementCycle>
</Column>
<Column name="resultado" id="F9209D60-4E62-43F3-CF11-2EA4EE371A69">
<createdBy>jennifer</createdBy>
<createdTime>2025-09-15 22:51:57 UTC</createdTime>
<generatorID>7E6DD633-701B-15F8-1A4D-D2E6C4C83B97</generatorID>
<ownerDesignName>Exp2_S5_Jennifer_Gonzalez_CasoCentroMedico</ownerDesignName>
<useDomainConstraints>false</useDomainConstraints>
<use>1</use>
<logicalDatatype>LOGDT024</logicalDatatype>
<dataTypeSize>200</dataTypeSize>
<ownDataTypeParameters>200,,</ownDataTypeParameters>
<autoIncrementCycle>false</autoIncrementCycle>
</Column>
<Column name="ATENCION_id_atencion" id="4D8DE326-A57D-E4DD-862F-EBD512BF6302">
<createdBy>jennifer</createdBy>
<createdTime>2025-09-15 22:51:57 UTC</createdTime>
<generatorID>F7A2E8C8-CA68-6398-9F79-3927E5833FC5</generatorID>
<ownerDesignName>Exp2_S5_Jennifer_Gonzalez_CasoCentroMedico</ownerDesignName>
<useDomainConstraints>false</useDomainConstraints>
<use>1</use>
<logicalDatatype>LOGDT019</logicalDatatype>
<ownDataTypeParameters>,,</ownDataTypeParameters>
<previousColumn>false</previousColumn>
<autoIncrementCycle>false</autoIncrementCycle>
<associations>
<colAssociation fkAssociation="566CC481-F4A7-B1ED-F40C-8936A285E0EE" referredColumn="6118AE51-9B21-7D68-0E30-3B6683E4C930"/>
</associations>
</Column>
<Column name="EXAMEN_id_examen" id="DDFD688E-D0DF-2D46-A02D-0DD641F98C03">
<createdBy>jennifer</createdBy>
<createdTime>2025-09-15 22:51:57 UTC</createdTime>
<generatorID>4B824BDE-F608-74EE-5D64-092007CCB1DF</generatorID>
<ownerDesignName>Exp2_S5_Jennifer_Gonzalez_CasoCentroMedico</ownerDesignName>
<useDomainConstraints>false</useDomainConstraints>
<use>1</use>
<logicalDatatype>LOGDT019</logicalDatatype>
<ownDataTypeParameters>,,</ownDataTypeParameters>
<previousColumn>false</previousColumn>
<autoIncrementCycle>false</autoIncrementCycle>
<associations>
<colAssociation fkAssociation="6039E1B9-6FA4-D0DD-FCCF-3A3189A30E9E" referredColumn="41F94261-9F06-BDE9-1BB1-1E10C855000A"/>
</associations>
</Column>
</columns>
<indexes itemClass="oracle.dbtools.crest.model.design.relational.Index">
<ind_PK_UK id="7A0F36D0-585F-B50A-FCA9-7BF7340831D6" name="PK_SOLICITUD_EXAMEN">
<createdBy>jennifer</createdBy>
<createdTime>2025-09-15 22:51:57 UTC</createdTime>
<generatorID>FD911DB5-2601-C06F-483D-0C48CFB362AA</generatorID>
<ownerDesignName>Exp2_S5_Jennifer_Gonzalez_CasoCentroMedico</ownerDesignName>
<pk>true</pk>
<indexState>Primary Constraint</indexState>
<isSurrogateKey>false</isSurrogateKey>
<indexColumnUsage>
<colUsage columnID="11CE7E98-9930-FFB6-CC66-9FFAAF01DD62"/>
</indexColumnUsage>
</ind_PK_UK>
<ind_PK_UK id="3AEB5D8D-A303-418C-03E7-D4D5440E908F" name="FK_SOLICITUD_EXAMEN_ATENCION">
<createdBy>jennifer</createdBy>
<createdTime>2025-09-15 22:51:57 UTC</createdTime>
<generatorID>E18E6C4F-BFB8-94B0-A967-0CEAB007925E</generatorID>
<ownerDesignName>Exp2_S5_Jennifer_Gonzalez_CasoCentroMedico</ownerDesignName>
<indexState>Foreign Key</indexState>
<isSurrogateKey>false</isSurrogateKey>
<indexColumnUsage>
<colUsage columnID="4D8DE326-A57D-E4DD-862F-EBD512BF6302"/>
</indexColumnUsage>
</ind_PK_UK>
<ind_PK_UK id="397AEAB1-90E9-EFDD-51E1-8E0FA17CDC9A" name="FK_SOLICITUD_EXAMEN_EXAMEN">
<createdBy>jennifer</createdBy>
<createdTime>2025-09-15 22:51:57 UTC</createdTime>
<generatorID>ED102817-9F87-E459-D771-8BC00EE165B7</generatorID>
<ownerDesignName>Exp2_S5_Jennifer_Gonzalez_CasoCentroMedico</ownerDesignName>
<indexState>Foreign Key</indexState>
<isSurrogateKey>false</isSurrogateKey>
<indexColumnUsage>
<colUsage columnID="DDFD688E-D0DF-2D46-A02D-0DD641F98C03"/>
</indexColumnUsage>
</ind_PK_UK>
</indexes>
</Table>