<?xml version = '1.0' encoding = 'UTF-8'?>
<Table class="oracle.dbtools.crest.model.design.relational.Table" directorySegmentName="seg_0" id="E5AC7D49-05E5-956F-33B7-DA91F9871AB3" name="MEDICO">
<createdBy>jennifer</createdBy>
<createdTime>2025-09-15 22:51:57 UTC</createdTime>
<generatorID>A4DC541D-2663-5D96-5E57-E163AC0D921D</generatorID>
<ownerDesignName>Exp2_S5_Jennifer_Gonzalez_CasoCentroMedico</ownerDesignName>
<allowColumnReorder>false</allowColumnReorder>
<existDependencyGenerateInDDl>true</existDependencyGenerateInDDl>
<parsed>true</parsed>
<columns itemClass="oracle.dbtools.crest.model.design.relational.Column">
<Column name="rut" id="CF941B55-5913-C4FA-06A7-C72DBB6E28EF">
<createdBy>jennifer</createdBy>
<createdTime>2025-09-15 22:51:57 UTC</createdTime>
<generatorID>0A3DD2C0-0691-EFC9-95D2-9D3F86839311</generatorID>
<ownerDesignName>Exp2_S5_Jennifer_Gonzalez_CasoCentroMedico</ownerDesignName>
<useDomainConstraints>false</useDomainConstraints>
<use>1</use>
<logicalDatatype>LOGDT019</logicalDatatype>
<ownDataTypeParameters>,,</ownDataTypeParameters>
<autoIncrementCycle>false</autoIncrementCycle>
<associations>
<colAssociation fkAssociation="61068D1C-D529-C981-C06D-B3D32B5A3AED" referredColumn="D7895F2D-9D74-413D-32ED-13B89A012AC0"/>
</associations>
</Column>
<Column name="id_medico" id="1CE225F9-5E0B-084B-5F51-9E40E86C8243">
<createdBy>jennifer</createdBy>
<createdTime>2025-09-15 22:51:57 UTC</createdTime>
<generatorID>4E3797EA-3DC8-1DF5-EE6F-C95E373C4EBD</generatorID>
<ownerDesignName>Exp2_S5_Jennifer_Gonzalez_CasoCentroMedico</ownerDesignName>
<useDomainConstraints>false</useDomainConstraints>
<use>1</use>
<logicalDatatype>LOGDT019</logicalDatatype>
<ownDataTypeParameters>,,</ownDataTypeParameters>
<autoIncrementCycle>false</autoIncrementCycle>
</Column>
<Column name="fecha_ingreso" id="13CC2455-34DD-9E4F-8C0A-D3C323C416CF">
<createdBy>jennifer</createdBy>
<createdTime>2025-09-15 22:51:57 UTC</createdTime>
<generatorID>6106F6D7-923E-0249-3A1A-A6BB7BC19573</generatorID>
<ownerDesignName>Exp2_S5_Jennifer_Gonzalez_CasoCentroMedico</ownerDesignName>
<useDomainConstraints>false</useDomainConstraints>
<use>1</use>
<logicalDatatype>LOGDT007</logicalDatatype>
<ownDataTypeParameters>,,</ownDataTypeParameters>
<autoIncrementCycle>false</autoIncrementCycle>
</Column>
<Column name="ESPECIALIDAD_id_especialidad" id="32D81F0B-178A-4426-1D09-9C4F5E37E5C6">
<createdBy>jennifer</createdBy>
<createdTime>2025-09-15 22:51:57 UTC</createdTime>
<generatorID>9AD793CC-3552-CF3B-57C6-04ACE5925E61</generatorID>
<ownerDesignName>Exp2_S5_Jennifer_Gonzalez_CasoCentroMedico</ownerDesignName>
<useDomainConstraints>false</useDomainConstraints>
<use>1</use>
<logicalDatatype>LOGDT019</logicalDatatype>
<ownDataTypeParameters>,,</ownDataTypeParameters>
<previousColumn>false</previousColumn>
<autoIncrementCycle>false</autoIncrementCycle>
<associations>
<colAssociation fkAssociation="B452857B-3617-2ED6-C20A-FABA80E4472B" referredColumn="58A18DA5-3312-C672-AE1C-5220806B4F36"/>
</associations>
</Column>
<Column name="UNIDAD_ATENCION_id_unidad" id="E8F03EB0-ACA0-3BA3-44EF-65ABEF3F01FC">
<createdBy>jennifer</createdBy>
<createdTime>2025-09-15 22:51:57 UTC</createdTime>
<generatorID>7DD42B77-B07C-524C-50FC-12056D73ECF3</generatorID>
<ownerDesignName>Exp2_S5_Jennifer_Gonzalez_CasoCentroMedico</ownerDesignName>
<useDomainConstraints>false</useDomainConstraints>
<use>1</use>
<logicalDatatype>LOGDT019</logicalDatatype>
<ownDataTypeParameters>,,</ownDataTypeParameters>
<previousColumn>false</previousColumn>
<autoIncrementCycle>false</autoIncrementCycle>
<associations>
<colAssociation fkAssociation="A9D0663D-113B-3468-DF50-AAC45C06BC9B" referredColumn="1EAF590B-8E1D-7457-3811-75596C8120E3"/>
</associations>
</Column>
<Column name="AFP_id_afp" id="A1E73740-7963-6FEE-AADD-592887303984">
<createdBy>jennifer</createdBy>
<createdTime>2025-09-15 22:51:57 UTC</createdTime>
<generatorID>1A00FC29-5575-A9EB-BE83-B910B1B411F7</generatorID>
<ownerDesignName>Exp2_S5_Jennifer_Gonzalez_CasoCentroMedico</ownerDesignName>
<useDomainConstraints>false</useDomainConstraints>
<use>1</use>
<logicalDatatype>LOGDT019</logicalDatatype>
<ownDataTypeParameters>,,</ownDataTypeParameters>
<previousColumn>false</previousColumn>
<autoIncrementCycle>false</autoIncrementCycle>
<associations>
<colAssociation fkAssociation="183B5921-0880-612C-D6B5-EA928A3B0436" referredColumn="FA8E3B9C-3F13-789C-8F88-C269E1CB867E"/>
</associations>
</Column>
<Column name="INSTITUCION_SALUD_id_salud" id="2DBBF519-92F8-2DD7-965D-DAD37C28F8CD">
<createdBy>jennifer</createdBy>
<createdTime>2025-09-15 22:51:57 UTC</createdTime>
<generatorID>035D5451-4491-1D38-875E-EC7244E37B08</generatorID>
<ownerDesignName>Exp2_S5_Jennifer_Gonzalez_CasoCentroMedico</ownerDesignName>
<useDomainConstraints>false</useDomainConstraints>
<use>1</use>
<logicalDatatype>LOGDT019</logicalDatatype>
<ownDataTypeParameters>,,</ownDataTypeParameters>
<previousColumn>false</previousColumn>
<autoIncrementCycle>false</autoIncrementCycle>
<associations>
<colAssociation fkAssociation="577908AD-C68A-26A8-63F9-7845F09A1F03" referredColumn="95913520-07EE-68A5-C7A9-6FFBA9F17BFF"/>
</associations>
</Column>
<Column name="MEDICO_id_medico" id="185D7FE2-DECF-4048-C815-D6625B05F966">
<createdBy>jennifer</createdBy>
<createdTime>2025-09-15 22:51:57 UTC</createdTime>
<generatorID>B9E34420-914E-5611-22B7-A64A0338F0E1</generatorID>
<ownerDesignName>Exp2_S5_Jennifer_Gonzalez_CasoCentroMedico</ownerDesignName>
<nullsAllowed>true</nullsAllowed>
<useDomainConstraints>false</useDomainConstraints>
<use>1</use>
<logicalDatatype>LOGDT019</logicalDatatype>
<ownDataTypeParameters>,,</ownDataTypeParameters>
<previousColumn>false</previousColumn>
<autoIncrementCycle>false</autoIncrementCycle>
<associations>
<colAssociation fkAssociation="9607608F-B6AA-FB3A-BDA7-822A93BDBFC5" referredColumn="1CE225F9-5E0B-084B-5F51-9E40E86C8243"/>
</associations>
</Column>
</columns>
<indexes itemClass="oracle.dbtools.crest.model.design.relational.Index">
<ind_PK_UK id="B2FB0729-43A1-125A-5ACB-CDF9010AD344" name="PK_MEDICO">
<createdBy>jennifer</createdBy>
<createdTime>2025-09-15 22:51:57 UTC</createdTime>
<generatorID>6709C96F-538E-97AF-3DBC-BDE818F883D1</generatorID>
<ownerDesignName>Exp2_S5_Jennifer_Gonzalez_CasoCentroMedico</ownerDesignName>
<pk>true</pk>
<indexState>Primary Constraint</indexState>
<isSurrogateKey>false</isSurrogateKey>
<indexColumnUsage>
<colUsage columnID="CF941B55-5913-C4FA-06A7-C72DBB6E28EF"/>
</indexColumnUsage>
</ind_PK_UK>
<ind_PK_UK id="A69EB877-9CB3-CF52-6C5B-3D00C107485E" name="MEDICO_PKv1">
<createdBy>jennifer</createdBy>
<createdTime>2025-09-15 22:51:57 UTC</createdTime>
<generatorID>E462FCFF-4E57-D9B7-1DDD-3A5B7EBE33D7</generatorID>
<ownerDesignName>Exp2_S5_Jennifer_Gonzalez_CasoCentroMedico</ownerDesignName>
<indexState>Unique Constraint</indexState>
<isSurrogateKey>false</isSurrogateKey>
<indexColumnUsage>
<colUsage columnID="1CE225F9-5E0B-084B-5F51-9E40E86C8243"/>
</indexColumnUsage>
</ind_PK_UK>
<ind_PK_UK id="6E448DA4-47CE-1FE3-D69D-1AEF405A0FBD" name="FK_MEDICO_PERSONA">
<createdBy>jennifer</createdBy>
<createdTime>2025-09-15 22:51:57 UTC</createdTime>
<generatorID>932F3A56-FA1B-7918-9587-58EB6E316FE1</generatorID>
<ownerDesignName>Exp2_S5_Jennifer_Gonzalez_CasoCentroMedico</ownerDesignName>
<indexState>Foreign Key</indexState>
<isSurrogateKey>false</isSurrogateKey>
<indexColumnUsage>
<colUsage columnID="CF941B55-5913-C4FA-06A7-C72DBB6E28EF"/>
</indexColumnUsage>
</ind_PK_UK>
<ind_PK_UK id="0B2A9727-97DB-33F4-3836-D69FEA064AF6" name="FK_MEDICO_AFP">
<createdBy>jennifer</createdBy>
<createdTime>2025-09-15 22:51:57 UTC</createdTime>
<generatorID>247D0E9B-6AD5-2BFE-E847-22AA720D638A</generatorID>
<ownerDesignName>Exp2_S5_Jennifer_Gonzalez_CasoCentroMedico</ownerDesignName>
<indexState>Foreign Key</indexState>
<isSurrogateKey>false</isSurrogateKey>
<indexColumnUsage>
<colUsage columnID="A1E73740-7963-6FEE-AADD-592887303984"/>
</indexColumnUsage>
</ind_PK_UK>
<ind_PK_UK id="8A34155F-DA60-2BB8-F868-BE160F1DE798" name="FK_MEDICO_ESPECIALIDAD">
<createdBy>jennifer</createdBy>
<createdTime>2025-09-15 22:51:57 UTC</createdTime>
<generatorID>D77D11C8-0A55-F236-9047-E81740CDFD02</generatorID>
<ownerDesignName>Exp2_S5_Jennifer_Gonzalez_CasoCentroMedico</ownerDesignName>
<indexState>Foreign Key</indexState>
<isSurrogateKey>false</isSurrogateKey>
<indexColumnUsage>
<colUsage columnID="32D81F0B-178A-4426-1D09-9C4F5E37E5C6"/>
</indexColumnUsage>
</ind_PK_UK>
<ind_PK_UK id="AF564A5B-22FD-5A02-208F-DE5F1E9E69D9" name="FK_MEDICO_INSTITUCION_SALUD">
<createdBy>jennifer</createdBy>
<createdTime>2025-09-15 22:51:57 UTC</createdTime>
<generatorID>D0B0751F-0170-9016-0E6B-605BE6B12C44</generatorID>
<ownerDesignName>Exp2_S5_Jennifer_Gonzalez_CasoCentroMedico</ownerDesignName>
<indexState>Foreign Key</indexState>
<isSurrogateKey>false</isSurrogateKey>
<indexColumnUsage>
<colUsage columnID="2DBBF519-92F8-2DD7-965D-DAD37C28F8CD"/>
</indexColumnUsage>
</ind_PK_UK>
<ind_PK_UK id="68B38E17-38A7-449B-9442-5B56536CBE9D" name="FK_MEDICO_MEDICO">
<createdBy>jennifer</createdBy>
<createdTime>2025-09-15 22:51:57 UTC</createdTime>
<generatorID>CB453F0C-0367-F4ED-B6DE-729C8B4B8540</generatorID>
<ownerDesignName>Exp2_S5_Jennifer_Gonzalez_CasoCentroMedico</ownerDesignName>
<indexState>Foreign Key</indexState>
<isSurrogateKey>false</isSurrogateKey>
<indexColumnUsage>
<colUsage columnID="185D7FE2-DECF-4048-C815-D6625B05F966"/>
</indexColumnUsage>
</ind_PK_UK>
<ind_PK_UK id="B3E1A1B9-9D6A-B2EE-76ED-3DDDF51655C1" name="FK_MEDICO_UNIDAD_ATENCION">
<createdBy>jennifer</createdBy>
<createdTime>2025-09-15 22:51:57 UTC</createdTime>
<generatorID>02167C05-95F5-9156-40F3-B66BB21C8A3E</generatorID>
<ownerDesignName>Exp2_S5_Jennifer_Gonzalez_CasoCentroMedico</ownerDesignName>
<indexState>Foreign Key</indexState>
<isSurrogateKey>false</isSurrogateKey>
<indexColumnUsage>
<colUsage columnID="E8F03EB0-ACA0-3BA3-44EF-65ABEF3F01FC"/>
</indexColumnUsage>
</ind_PK_UK>
</indexes>
</Table>