<?xml version = '1.0' encoding = 'UTF-8'?>
<Entity class="oracle.dbtools.crest.model.design.logical.Entity" directorySegmentName="seg_0" id="1EFAC578-D0D9-5D0A-A77A-29D2C0D6503D" name="TIPO_ATENCION">
<createdBy>jennifer</createdBy>
<createdTime>2025-09-12 21:25:57 UTC</createdTime>
<ownerDesignName>Exp2_S5_Jennifer_Gonzalez_CasoCentroMedico</ownerDesignName>
<engineerTo>
<item key="7EF82A71-1278-1AC9-B9CA-AF848AA55D42" value="true"/>
</engineerTo>
<adequatelyNormalized>NO</adequatelyNormalized>
<expectedVolumes>0</expectedVolumes>
<fwdEngineeringStrategyName>Single Table</fwdEngineeringStrategyName>
<growthPercent>0</growthPercent>
<growthType>Year</growthType>
<maxVolumes>9999999</maxVolumes>
<minVolumes>0</minVolumes>
<normalForm>Third</normalForm>
<attributes itemClass="oracle.dbtools.crest.model.design.logical.Attribute">
<Attribute name="id_tipo_atencion" id="D20F4F90-E8E0-6E38-757F-00DD7D3B76CA">
<createdBy>jennifer</createdBy>
<createdTime>2025-09-12 21:26:09 UTC</createdTime>
<ownerDesignName>Exp2_S5_Jennifer_Gonzalez_CasoCentroMedico</ownerDesignName>
<engineerTo>
<item key="7EF82A71-1278-1AC9-B9CA-AF848AA55D42" value="true"/>
</engineerTo>
<useDomainConstraints>false</useDomainConstraints>
<use>1</use>
<logicalDatatype>LOGDT019</logicalDatatype>
<ownDataTypeParameters>,,</ownDataTypeParameters>
</Attribute>
<Attribute name="nombre" id="FDDC357D-8E67-3D18-AFE3-226472370F4A">
<createdBy>jennifer</createdBy>
<createdTime>2025-09-12 21:26:21 UTC</createdTime>
<ownerDesignName>Exp2_S5_Jennifer_Gonzalez_CasoCentroMedico</ownerDesignName>
<engineerTo>
<item key="7EF82A71-1278-1AC9-B9CA-AF848AA55D42" value="true"/>
</engineerTo>
<constraintName>CK_TIPO_ATENCION_NOMBRE</constraintName>
<useDomainConstraints>false</useDomainConstraints>
<use>1</use>
<logicalDatatype>LOGDT024</logicalDatatype>
<dataTypeSize>50</dataTypeSize>
<listOfValues>
<valueDef value="&quot;GENERAL&quot;" description=""/>
<valueDef value="&quot;PREVENTIVA&quot;" description=""/>
<valueDef value="&quot;URGENCIA&quot;" description=""/>
</listOfValues>
<ownDataTypeParameters>50,,</ownDataTypeParameters>
</Attribute>
</attributes>
<identifiers itemClass="oracle.dbtools.crest.model.design.logical.CandidateKey">
<identifier id="70D82D39-201E-26EA-DC29-079EA4D2AD5B" name="PK_TIPO_ATENCION">
<createdBy>jennifer</createdBy>
<createdTime>2025-09-12 21:26:20 UTC</createdTime>
<ownerDesignName>Exp2_S5_Jennifer_Gonzalez_CasoCentroMedico</ownerDesignName>
<engineerTo>
<item key="7EF82A71-1278-1AC9-B9CA-AF848AA55D42" value="true"/>
</engineerTo>
<pk>true</pk>
<newElementsIDs>D20F4F90-E8E0-6E38-757F-00DD7D3B76CA</newElementsIDs>
<usedAttributes>
<attributeRef>D20F4F90-E8E0-6E38-757F-00DD7D3B76CA</attributeRef>
</usedAttributes>
</identifier>
</identifiers>
</Entity>