<?xml version = '1.0' encoding = 'UTF-8'?>
<Entity class="oracle.dbtools.crest.model.design.logical.Entity" directorySegmentName="seg_0" id="5F8D0392-A48E-2765-664C-2EB45D663037" name="ATENCION_MEDICA">
<createdBy>jennifer</createdBy>
<createdTime>2025-09-12 19:56:22 UTC</createdTime>
<ownerDesignName>Exp2_S5_Jennifer_Gonzalez_CasoCentroMedico</ownerDesignName>
<engineerTo>
<item key="7EF82A71-1278-1AC9-B9CA-AF848AA55D42" value="true"/>
</engineerTo>
<adequatelyNormalized>NO</adequatelyNormalized>
<expectedVolumes>0</expectedVolumes>
<fwdEngineeringStrategyName>Single Table</fwdEngineeringStrategyName>
<growthPercent>0</growthPercent>
<growthType>Year</growthType>
<maxVolumes>9999999</maxVolumes>
<minVolumes>0</minVolumes>
<normalForm>Third</normalForm>
<attributes itemClass="oracle.dbtools.crest.model.design.logical.Attribute">
<Attribute name="id_atencion" id="882B33A0-49AA-FACD-31A2-14ED1DB350D8">
<createdBy>jennifer</createdBy>
<createdTime>2025-09-12 20:59:48 UTC</createdTime>
<ownerDesignName>Exp2_S5_Jennifer_Gonzalez_CasoCentroMedico</ownerDesignName>
<engineerTo>
<item key="7EF82A71-1278-1AC9-B9CA-AF848AA55D42" value="true"/>
</engineerTo>
<useDomainConstraints>false</useDomainConstraints>
<use>1</use>
<logicalDatatype>LOGDT019</logicalDatatype>
<ownDataTypeParameters>,,</ownDataTypeParameters>
</Attribute>
<Attribute name="fecha" id="29BD82B5-00D7-BD7D-C268-C703A997183D">
<createdBy>jennifer</createdBy>
<createdTime>2025-09-12 20:15:26 UTC</createdTime>
<ownerDesignName>Exp2_S5_Jennifer_Gonzalez_CasoCentroMedico</ownerDesignName>
<engineerTo>
<item key="7EF82A71-1278-1AC9-B9CA-AF848AA55D42" value="true"/>
</engineerTo>
<useDomainConstraints>false</useDomainConstraints>
<use>1</use>
<logicalDatatype>LOGDT007</logicalDatatype>
<ownDataTypeParameters>,,</ownDataTypeParameters>
</Attribute>
<Attribute name="diagnostico" id="C746643F-B620-2F27-F0E5-2C08AD09C99C">
<createdBy>Jennifer</createdBy>
<createdTime>2025-09-13 15:42:01 UTC</createdTime>
<ownerDesignName>Exp2_S5_Jennifer_Gonzalez_CasoCentroMedico</ownerDesignName>
<engineerTo>
<item key="7EF82A71-1278-1AC9-B9CA-AF848AA55D42" value="true"/>
</engineerTo>
<useDomainConstraints>false</useDomainConstraints>
<use>1</use>
<logicalDatatype>LOGDT024</logicalDatatype>
<dataTypeSize>200</dataTypeSize>
<ownDataTypeParameters>200,,</ownDataTypeParameters>
</Attribute>
<Attribute name="id_tipo_atencion" id="9F007DD6-5ECF-E4DF-0190-E6533841D1F9">
<createdBy>jennifer</createdBy>
<createdTime>2025-09-12 21:27:57 UTC</createdTime>
<generatorID>3CE1DDC6-B8A3-259B-C092-ED59A4D18799</generatorID>
<ownerDesignName>Exp2_S5_Jennifer_Gonzalez_CasoCentroMedico</ownerDesignName>
<engineerTo>
<item key="7EF82A71-1278-1AC9-B9CA-AF848AA55D42" value="true"/>
</engineerTo>
<referedAttribute>D20F4F90-E8E0-6E38-757F-00DD7D3B76CA</referedAttribute>
<useDomainConstraints>false</useDomainConstraints>
<use>1</use>
<logicalDatatype>LOGDT019</logicalDatatype>
<ownDataTypeParameters>,,</ownDataTypeParameters>
</Attribute>
<Attribute name="id_modalidad" id="3617FEFB-1FE4-13C7-E48A-5B35F0BFD39F">
<createdBy>Jennifer</createdBy>
<createdTime>2025-09-13 23:06:01 UTC</createdTime>
<generatorID>6506E574-E28F-2E83-A020-CD100A4853AC</generatorID>
<ownerDesignName>Exp2_S5_Jennifer_Gonzalez_CasoCentroMedico</ownerDesignName>
<engineerTo>
<item key="7EF82A71-1278-1AC9-B9CA-AF848AA55D42" value="true"/>
</engineerTo>
<referedAttribute>C1972856-1008-B3C1-C19B-859C7DD888D0</referedAttribute>
<useDomainConstraints>false</useDomainConstraints>
<use>1</use>
<logicalDatatype>LOGDT019</logicalDatatype>
<ownDataTypeParameters>,,</ownDataTypeParameters>
</Attribute>
<Attribute name="id_paciente" id="B394AAEE-A9A8-F9D6-DC5B-DB78E26701F4">
<createdBy>jennifer</createdBy>
<createdTime>2025-09-12 20:15:42 UTC</createdTime>
<generatorID>B3905611-BD81-7BA6-ADE7-483786D1A87C</generatorID>
<ownerDesignName>Exp2_S5_Jennifer_Gonzalez_CasoCentroMedico</ownerDesignName>
<engineerTo>
<item key="7EF82A71-1278-1AC9-B9CA-AF848AA55D42" value="true"/>
</engineerTo>
<referedAttribute>C6FC3887-5C26-0B66-016A-4EBBCEFD8F27</referedAttribute>
<useDomainConstraints>false</useDomainConstraints>
<use>1</use>
<logicalDatatype>LOGDT019</logicalDatatype>
<ownDataTypeParameters>,,</ownDataTypeParameters>
</Attribute>
<Attribute name="id_medico" id="DCB8C450-6874-B31C-0F20-801985F793A1">
<createdBy>jennifer</createdBy>
<createdTime>2025-09-12 20:45:38 UTC</createdTime>
<generatorID>F6B678AC-874C-1744-5E8A-A02DAC0DED3F</generatorID>
<ownerDesignName>Exp2_S5_Jennifer_Gonzalez_CasoCentroMedico</ownerDesignName>
<engineerTo>
<item key="7EF82A71-1278-1AC9-B9CA-AF848AA55D42" value="true"/>
</engineerTo>
<referedAttribute>4E3797EA-3DC8-1DF5-EE6F-C95E373C4EBD</referedAttribute>
<useDomainConstraints>false</useDomainConstraints>
<use>1</use>
<logicalDatatype>LOGDT019</logicalDatatype>
<ownDataTypeParameters>,,</ownDataTypeParameters>
</Attribute>
<Attribute name="id_pago" id="2D38F322-0570-8B28-F868-CB8DEDC93C6F">
<createdBy>jennifer</createdBy>
<createdTime>2025-09-13 04:47:57 UTC</createdTime>
<generatorID>7A42BE27-E408-598A-EA1F-B510B0A716D3</generatorID>
<ownerDesignName>Exp2_S5_Jennifer_Gonzalez_CasoCentroMedico</ownerDesignName>
<engineerTo>
<item key="7EF82A71-1278-1AC9-B9CA-AF848AA55D42" value="true"/>
</engineerTo>
<referedAttribute>9678220E-A00A-6267-9F45-79CFA39321B2</referedAttribute>
<useDomainConstraints>false</useDomainConstraints>
<use>1</use>
<logicalDatatype>LOGDT019</logicalDatatype>
<ownDataTypeParameters>,,</ownDataTypeParameters>
</Attribute>
</attributes>
<identifiers itemClass="oracle.dbtools.crest.model.design.logical.CandidateKey">
<identifier id="9A92E287-4FD9-A97D-C55C-34758C8BA314" name="PK_ATENCION_MEDICA">
<createdBy>jennifer</createdBy>
<createdTime>2025-09-12 19:57:19 UTC</createdTime>
<ownerDesignName>Exp2_S5_Jennifer_Gonzalez_CasoCentroMedico</ownerDesignName>
<engineerTo>
<item key="7EF82A71-1278-1AC9-B9CA-AF848AA55D42" value="true"/>
</engineerTo>
<pk>true</pk>
<newElementsIDs>882B33A0-49AA-FACD-31A2-14ED1DB350D8</newElementsIDs>
<usedAttributes>
<attributeRef>882B33A0-49AA-FACD-31A2-14ED1DB350D8</attributeRef>
</usedAttributes>
</identifier>
</identifiers>
</Entity>