<?xml version = '1.0' encoding = 'UTF-8'?>
<Entity class="oracle.dbtools.crest.model.design.logical.Entity" directorySegmentName="seg_0" id="7040ABF4-8E34-04F8-1419-561947FE899C" name="PACIENTE">
<createdBy>jennifer</createdBy>
<createdTime>2025-09-12 19:59:59 UTC</createdTime>
<ownerDesignName>Exp2_S5_Jennifer_Gonzalez_CasoCentroMedico</ownerDesignName>
<engineerTo>
<item key="7EF82A71-1278-1AC9-B9CA-AF848AA55D42" value="true"/>
</engineerTo>
<adequatelyNormalized>NO</adequatelyNormalized>
<expectedVolumes>0</expectedVolumes>
<fwdEngineeringStrategyName>Single Table</fwdEngineeringStrategyName>
<growthPercent>0</growthPercent>
<growthType>Year</growthType>
<hierarchicalParent>17819889-8976-E253-9B21-87B91187A7E1</hierarchicalParent>
<maxVolumes>9999999</maxVolumes>
<minVolumes>0</minVolumes>
<normalForm>Third</normalForm>
<attributes itemClass="oracle.dbtools.crest.model.design.logical.Attribute">
<Attribute name="id_paciente" id="C6FC3887-5C26-0B66-016A-4EBBCEFD8F27">
<createdBy>jennifer</createdBy>
<createdTime>2025-09-12 20:00:54 UTC</createdTime>
<ownerDesignName>Exp2_S5_Jennifer_Gonzalez_CasoCentroMedico</ownerDesignName>
<engineerTo>
<item key="7EF82A71-1278-1AC9-B9CA-AF848AA55D42" value="true"/>
</engineerTo>
<useDomainConstraints>false</useDomainConstraints>
<use>1</use>
<logicalDatatype>LOGDT019</logicalDatatype>
<ownDataTypeParameters>,,</ownDataTypeParameters>
</Attribute>
<Attribute name="fecha_nacimiento" id="6EC20266-3546-05FA-3145-2427E367DC67">
<createdBy>jennifer</createdBy>
<createdTime>2025-09-12 20:02:21 UTC</createdTime>
<ownerDesignName>Exp2_S5_Jennifer_Gonzalez_CasoCentroMedico</ownerDesignName>
<engineerTo>
<item key="7EF82A71-1278-1AC9-B9CA-AF848AA55D42" value="true"/>
</engineerTo>
<useDomainConstraints>false</useDomainConstraints>
<use>1</use>
<logicalDatatype>LOGDT007</logicalDatatype>
<ownDataTypeParameters>,,</ownDataTypeParameters>
</Attribute>
<Attribute name="telefono" id="304BC47E-4F36-FDC7-CB79-356FE191CD32">
<createdBy>jennifer</createdBy>
<createdTime>2025-09-13 03:34:34 UTC</createdTime>
<ownerDesignName>Exp2_S5_Jennifer_Gonzalez_CasoCentroMedico</ownerDesignName>
<engineerTo>
<item key="7EF82A71-1278-1AC9-B9CA-AF848AA55D42" value="true"/>
</engineerTo>
<useDomainConstraints>false</useDomainConstraints>
<use>1</use>
<logicalDatatype>LOGDT019</logicalDatatype>
<ownDataTypeParameters>,,</ownDataTypeParameters>
</Attribute>
<Attribute name="correo" id="AE3CF249-91BD-3490-1AEB-447C51DE2BC8">
<createdBy>jennifer</createdBy>
<createdTime>2025-09-13 03:35:55 UTC</createdTime>
<ownerDesignName>Exp2_S5_Jennifer_Gonzalez_CasoCentroMedico</ownerDesignName>
<engineerTo>
<item key="7EF82A71-1278-1AC9-B9CA-AF848AA55D42" value="true"/>
</engineerTo>
<nullsAllowed>true</nullsAllowed>
<useDomainConstraints>false</useDomainConstraints>
<use>1</use>
<logicalDatatype>LOGDT024</logicalDatatype>
<dataTypeSize>200</dataTypeSize>
<ownDataTypeParameters>200,,</ownDataTypeParameters>
</Attribute>
<Attribute name="direccion" id="D284A5AE-EE7D-CC1E-ABC2-1A756AA6811F">
<createdBy>jennifer</createdBy>
<createdTime>2025-09-12 20:02:57 UTC</createdTime>
<ownerDesignName>Exp2_S5_Jennifer_Gonzalez_CasoCentroMedico</ownerDesignName>
<engineerTo>
<item key="7EF82A71-1278-1AC9-B9CA-AF848AA55D42" value="true"/>
</engineerTo>
<useDomainConstraints>false</useDomainConstraints>
<use>1</use>
<logicalDatatype>LOGDT024</logicalDatatype>
<dataTypeSize>200</dataTypeSize>
<ownDataTypeParameters>200,,</ownDataTypeParameters>
</Attribute>
<Attribute name="id_comuna" id="1A9DACF1-1C9B-4CB1-9F51-D1C41F3FAF0F">
<createdBy>jennifer</createdBy>
<createdTime>2025-09-12 20:12:08 UTC</createdTime>
<generatorID>18BEFBB7-3797-43DF-9F31-2A58CDD7ABD2</generatorID>
<ownerDesignName>Exp2_S5_Jennifer_Gonzalez_CasoCentroMedico</ownerDesignName>
<engineerTo>
<item key="7EF82A71-1278-1AC9-B9CA-AF848AA55D42" value="true"/>
</engineerTo>
<referedAttribute>FCDFE99E-7CDA-2959-7C08-69DA2F301121</referedAttribute>
<useDomainConstraints>false</useDomainConstraints>
<use>1</use>
<logicalDatatype>LOGDT019</logicalDatatype>
<ownDataTypeParameters>,,</ownDataTypeParameters>
</Attribute>
<Attribute name="id_genero" id="6A6EE0B6-14D0-DB5B-0D5C-B494F5CE4044">
<createdBy>jennifer</createdBy>
<createdTime>2025-09-12 21:32:40 UTC</createdTime>
<generatorID>46D440D7-F7E0-733D-677E-7A15E26370B9</generatorID>
<ownerDesignName>Exp2_S5_Jennifer_Gonzalez_CasoCentroMedico</ownerDesignName>
<engineerTo>
<item key="7EF82A71-1278-1AC9-B9CA-AF848AA55D42" value="true"/>
</engineerTo>
<referedAttribute>119A6CF2-0CA4-BAA6-72D0-C8D7EDA466CD</referedAttribute>
<useDomainConstraints>false</useDomainConstraints>
<use>1</use>
<logicalDatatype>LOGDT019</logicalDatatype>
<ownDataTypeParameters>,,</ownDataTypeParameters>
</Attribute>
<Attribute name="id_tipo_usuario" id="BD974F09-BE1D-B6C3-EADA-15E557752612">
<createdBy>jennifer</createdBy>
<createdTime>2025-09-13 03:24:39 UTC</createdTime>
<generatorID>2EE41663-72D5-D91F-37E8-A0FFFE97660F</generatorID>
<ownerDesignName>Exp2_S5_Jennifer_Gonzalez_CasoCentroMedico</ownerDesignName>
<engineerTo>
<item key="7EF82A71-1278-1AC9-B9CA-AF848AA55D42" value="true"/>
</engineerTo>
<referedAttribute>C3B14726-48AD-B117-5394-F21BD1A786B6</referedAttribute>
<useDomainConstraints>false</useDomainConstraints>
<use>1</use>
<logicalDatatype>LOGDT019</logicalDatatype>
<ownDataTypeParameters>,,</ownDataTypeParameters>
</Attribute>
</attributes>
<identifiers itemClass="oracle.dbtools.crest.model.design.logical.CandidateKey">
<identifier id="43C230EA-64D6-DDA5-6634-65E07B8C0FD7" name="PK_PACIENTE">
<createdBy>jennifer</createdBy>
<createdTime>2025-09-12 20:01:02 UTC</createdTime>
<ownerDesignName>Exp2_S5_Jennifer_Gonzalez_CasoCentroMedico</ownerDesignName>
<engineerTo>
<item key="7EF82A71-1278-1AC9-B9CA-AF848AA55D42" value="true"/>
</engineerTo>
<pk>true</pk>
<newElementsIDs>C6FC3887-5C26-0B66-016A-4EBBCEFD8F27</newElementsIDs>
<usedAttributes>
<attributeRef>C6FC3887-5C26-0B66-016A-4EBBCEFD8F27</attributeRef>
</usedAttributes>
</identifier>
<identifier id="0F7417E0-1B19-9C13-5638-C70BDF36730D" name="UK_PACIENTE_CORREO">
<createdBy>Jennifer</createdBy>
<createdTime>2025-09-13 16:46:18 UTC</createdTime>
<ownerDesignName>Exp2_S5_Jennifer_Gonzalez_CasoCentroMedico</ownerDesignName>
<engineerTo>
<item key="7EF82A71-1278-1AC9-B9CA-AF848AA55D42" value="true"/>
</engineerTo>
<newElementsIDs>AE3CF249-91BD-3490-1AEB-447C51DE2BC8</newElementsIDs>
<usedAttributes>
<attributeRef>AE3CF249-91BD-3490-1AEB-447C51DE2BC8</attributeRef>
</usedAttributes>
</identifier>
</identifiers>
</Entity>