<?xml version = '1.0' encoding = 'UTF-8'?>
<Entity class="oracle.dbtools.crest.model.design.logical.Entity" directorySegmentName="seg_0" id="85225259-7EE4-F411-DCDE-1F201BB56023" name="COMUNA">
<createdBy>jennifer</createdBy>
<createdTime>2025-09-12 20:03:50 UTC</createdTime>
<ownerDesignName>Exp2_S5_Jennifer_Gonzalez_CasoCentroMedico</ownerDesignName>
<engineerTo>
<item key="7EF82A71-1278-1AC9-B9CA-AF848AA55D42" value="true"/>
</engineerTo>
<adequatelyNormalized>NO</adequatelyNormalized>
<expectedVolumes>0</expectedVolumes>
<fwdEngineeringStrategyName>Single Table</fwdEngineeringStrategyName>
<growthPercent>0</growthPercent>
<growthType>Year</growthType>
<maxVolumes>9999999</maxVolumes>
<minVolumes>0</minVolumes>
<normalForm>Third</normalForm>
<attributes itemClass="oracle.dbtools.crest.model.design.logical.Attribute">
<Attribute name="id_comuna" id="FCDFE99E-7CDA-2959-7C08-69DA2F301121">
<createdBy>jennifer</createdBy>
<createdTime>2025-09-12 20:03:54 UTC</createdTime>
<ownerDesignName>Exp2_S5_Jennifer_Gonzalez_CasoCentroMedico</ownerDesignName>
<engineerTo>
<item key="7EF82A71-1278-1AC9-B9CA-AF848AA55D42" value="true"/>
</engineerTo>
<useDomainConstraints>false</useDomainConstraints>
<use>1</use>
<logicalDatatype>LOGDT019</logicalDatatype>
<ownDataTypeParameters>,,</ownDataTypeParameters>
</Attribute>
<Attribute name="nombre" id="E696E0A6-8958-8A0E-F1A9-769F707BD0FE">
<createdBy>jennifer</createdBy>
<createdTime>2025-09-12 20:03:58 UTC</createdTime>
<ownerDesignName>Exp2_S5_Jennifer_Gonzalez_CasoCentroMedico</ownerDesignName>
<engineerTo>
<item key="7EF82A71-1278-1AC9-B9CA-AF848AA55D42" value="true"/>
</engineerTo>
<useDomainConstraints>false</useDomainConstraints>
<use>1</use>
<logicalDatatype>LOGDT024</logicalDatatype>
<dataTypeSize>50</dataTypeSize>
<ownDataTypeParameters>50,,</ownDataTypeParameters>
</Attribute>
<Attribute name="id_region" id="8F79B64D-8761-0923-B949-43BEF63E023C">
<createdBy>jennifer</createdBy>
<createdTime>2025-09-12 20:07:16 UTC</createdTime>
<generatorID>043A5CFD-607D-450A-77DE-CF2971C3BA15</generatorID>
<ownerDesignName>Exp2_S5_Jennifer_Gonzalez_CasoCentroMedico</ownerDesignName>
<engineerTo>
<item key="7EF82A71-1278-1AC9-B9CA-AF848AA55D42" value="true"/>
</engineerTo>
<referedAttribute>719ED641-A1E1-270A-8B0A-AB739E480A2B</referedAttribute>
<useDomainConstraints>false</useDomainConstraints>
<use>1</use>
<logicalDatatype>LOGDT019</logicalDatatype>
<ownDataTypeParameters>,,</ownDataTypeParameters>
</Attribute>
</attributes>
<identifiers itemClass="oracle.dbtools.crest.model.design.logical.CandidateKey">
<identifier id="1F03B01D-84F3-0B97-15BA-F0B909D78A06" name="PK_COMUNA">
<createdBy>jennifer</createdBy>
<createdTime>2025-09-12 20:04:05 UTC</createdTime>
<ownerDesignName>Exp2_S5_Jennifer_Gonzalez_CasoCentroMedico</ownerDesignName>
<engineerTo>
<item key="7EF82A71-1278-1AC9-B9CA-AF848AA55D42" value="true"/>
</engineerTo>
<pk>true</pk>
<newElementsIDs>FCDFE99E-7CDA-2959-7C08-69DA2F301121</newElementsIDs>
<usedAttributes>
<attributeRef>FCDFE99E-7CDA-2959-7C08-69DA2F301121</attributeRef>
</usedAttributes>
</identifier>
</identifiers>
</Entity>