<?xml version = '1.0' encoding = 'UTF-8'?>
<Entity class="oracle.dbtools.crest.model.design.logical.Entity" directorySegmentName="seg_0" id="A4DC541D-2663-5D96-5E57-E163AC0D921D" name="MEDICO">
<createdBy>jennifer</createdBy>
<createdTime>2025-09-12 20:17:07 UTC</createdTime>
<ownerDesignName>Exp2_S5_Jennifer_Gonzalez_CasoCentroMedico</ownerDesignName>
<engineerTo>
<item key="7EF82A71-1278-1AC9-B9CA-AF848AA55D42" value="true"/>
</engineerTo>
<adequatelyNormalized>NO</adequatelyNormalized>
<expectedVolumes>0</expectedVolumes>
<fwdEngineeringStrategyName>Single Table</fwdEngineeringStrategyName>
<growthPercent>0</growthPercent>
<growthType>Year</growthType>
<hierarchicalParent>17819889-8976-E253-9B21-87B91187A7E1</hierarchicalParent>
<maxVolumes>9999999</maxVolumes>
<minVolumes>0</minVolumes>
<normalForm>Third</normalForm>
<attributes itemClass="oracle.dbtools.crest.model.design.logical.Attribute">
<Attribute name="id_medico" id="4E3797EA-3DC8-1DF5-EE6F-C95E373C4EBD">
<createdBy>jennifer</createdBy>
<createdTime>2025-09-12 20:17:52 UTC</createdTime>
<ownerDesignName>Exp2_S5_Jennifer_Gonzalez_CasoCentroMedico</ownerDesignName>
<engineerTo>
<item key="7EF82A71-1278-1AC9-B9CA-AF848AA55D42" value="true"/>
</engineerTo>
<useDomainConstraints>false</useDomainConstraints>
<use>1</use>
<logicalDatatype>LOGDT019</logicalDatatype>
<ownDataTypeParameters>,,</ownDataTypeParameters>
</Attribute>
<Attribute name="fecha_ingreso" id="6106F6D7-923E-0249-3A1A-A6BB7BC19573">
<createdBy>jennifer</createdBy>
<createdTime>2025-09-12 20:32:25 UTC</createdTime>
<ownerDesignName>Exp2_S5_Jennifer_Gonzalez_CasoCentroMedico</ownerDesignName>
<engineerTo>
<item key="7EF82A71-1278-1AC9-B9CA-AF848AA55D42" value="true"/>
</engineerTo>
<useDomainConstraints>false</useDomainConstraints>
<use>1</use>
<logicalDatatype>LOGDT007</logicalDatatype>
<ownDataTypeParameters>,,</ownDataTypeParameters>
</Attribute>
<Attribute name="id_especialidad" id="9AD793CC-3552-CF3B-57C6-04ACE5925E61">
<createdBy>jennifer</createdBy>
<createdTime>2025-09-12 20:41:29 UTC</createdTime>
<generatorID>D77D11C8-0A55-F236-9047-E81740CDFD02</generatorID>
<ownerDesignName>Exp2_S5_Jennifer_Gonzalez_CasoCentroMedico</ownerDesignName>
<engineerTo>
<item key="7EF82A71-1278-1AC9-B9CA-AF848AA55D42" value="true"/>
</engineerTo>
<referedAttribute>75794430-74AA-1280-DB6D-DBD6B9156408</referedAttribute>
<useDomainConstraints>false</useDomainConstraints>
<use>1</use>
<logicalDatatype>LOGDT019</logicalDatatype>
<ownDataTypeParameters>,,</ownDataTypeParameters>
</Attribute>
<Attribute name="id_unidad" id="7DD42B77-B07C-524C-50FC-12056D73ECF3">
<createdBy>Jennifer</createdBy>
<createdTime>2025-09-13 21:23:31 UTC</createdTime>
<generatorID>02167C05-95F5-9156-40F3-B66BB21C8A3E</generatorID>
<ownerDesignName>Exp2_S5_Jennifer_Gonzalez_CasoCentroMedico</ownerDesignName>
<engineerTo>
<item key="7EF82A71-1278-1AC9-B9CA-AF848AA55D42" value="true"/>
</engineerTo>
<referedAttribute>07D693AE-2E7F-BF50-6991-E6D7A4765A52</referedAttribute>
<useDomainConstraints>false</useDomainConstraints>
<use>1</use>
<logicalDatatype>LOGDT019</logicalDatatype>
<ownDataTypeParameters>,,</ownDataTypeParameters>
</Attribute>
<Attribute name="id_afp" id="1A00FC29-5575-A9EB-BE83-B910B1B411F7">
<createdBy>jennifer</createdBy>
<createdTime>2025-09-12 20:44:11 UTC</createdTime>
<generatorID>247D0E9B-6AD5-2BFE-E847-22AA720D638A</generatorID>
<ownerDesignName>Exp2_S5_Jennifer_Gonzalez_CasoCentroMedico</ownerDesignName>
<engineerTo>
<item key="7EF82A71-1278-1AC9-B9CA-AF848AA55D42" value="true"/>
</engineerTo>
<referedAttribute>A7194EFF-83C8-FEDC-35A2-6BF610493AB2</referedAttribute>
<useDomainConstraints>false</useDomainConstraints>
<use>1</use>
<logicalDatatype>LOGDT019</logicalDatatype>
<ownDataTypeParameters>,,</ownDataTypeParameters>
</Attribute>
<Attribute name="id_salud" id="035D5451-4491-1D38-875E-EC7244E37B08">
<createdBy>jennifer</createdBy>
<createdTime>2025-09-12 20:44:38 UTC</createdTime>
<generatorID>D0B0751F-0170-9016-0E6B-605BE6B12C44</generatorID>
<ownerDesignName>Exp2_S5_Jennifer_Gonzalez_CasoCentroMedico</ownerDesignName>
<engineerTo>
<item key="7EF82A71-1278-1AC9-B9CA-AF848AA55D42" value="true"/>
</engineerTo>
<referedAttribute>E63C6632-EE68-523A-2FA2-3DBCA9D0F2C6</referedAttribute>
<useDomainConstraints>false</useDomainConstraints>
<use>1</use>
<logicalDatatype>LOGDT019</logicalDatatype>
<ownDataTypeParameters>,,</ownDataTypeParameters>
</Attribute>
<Attribute name="id_medico_supervisor" id="B9E34420-914E-5611-22B7-A64A0338F0E1">
<createdBy>jennifer</createdBy>
<createdTime>2025-09-13 03:09:58 UTC</createdTime>
<generatorID>CB453F0C-0367-F4ED-B6DE-729C8B4B8540</generatorID>
<ownerDesignName>Exp2_S5_Jennifer_Gonzalez_CasoCentroMedico</ownerDesignName>
<engineerTo>
<item key="7EF82A71-1278-1AC9-B9CA-AF848AA55D42" value="true"/>
</engineerTo>
<nullsAllowed>true</nullsAllowed>
<referedAttribute>4E3797EA-3DC8-1DF5-EE6F-C95E373C4EBD</referedAttribute>
<useDomainConstraints>false</useDomainConstraints>
<use>1</use>
<logicalDatatype>LOGDT019</logicalDatatype>
<ownDataTypeParameters>,,</ownDataTypeParameters>
</Attribute>
</attributes>
<identifiers itemClass="oracle.dbtools.crest.model.design.logical.CandidateKey">
<identifier id="E462FCFF-4E57-D9B7-1DDD-3A5B7EBE33D7" name="PK_MEDICO">
<createdBy>jennifer</createdBy>
<createdTime>2025-09-12 20:18:04 UTC</createdTime>
<ownerDesignName>Exp2_S5_Jennifer_Gonzalez_CasoCentroMedico</ownerDesignName>
<engineerTo>
<item key="7EF82A71-1278-1AC9-B9CA-AF848AA55D42" value="true"/>
</engineerTo>
<pk>true</pk>
<newElementsIDs>4E3797EA-3DC8-1DF5-EE6F-C95E373C4EBD</newElementsIDs>
<usedAttributes>
<attributeRef>4E3797EA-3DC8-1DF5-EE6F-C95E373C4EBD</attributeRef>
</usedAttributes>
</identifier>
</identifiers>
</Entity>