<?xml version = '1.0' encoding = 'UTF-8'?>
<Entity class="oracle.dbtools.crest.model.design.logical.Entity" directorySegmentName="seg_0" id="B85F4DA8-6F51-4374-9FBA-3B75334575C6" name="UNIDAD_ATENCION">
<createdBy>Jennifer</createdBy>
<createdTime>2025-09-13 21:18:17 UTC</createdTime>
<ownerDesignName>Exp2_S5_Jennifer_Gonzalez_CasoCentroMedico</ownerDesignName>
<engineerTo>
<item key="7EF82A71-1278-1AC9-B9CA-AF848AA55D42" value="true"/>
</engineerTo>
<adequatelyNormalized>NO</adequatelyNormalized>
<expectedVolumes>0</expectedVolumes>
<fwdEngineeringStrategyName>Single Table</fwdEngineeringStrategyName>
<growthPercent>0</growthPercent>
<growthType>Year</growthType>
<maxVolumes>9999999</maxVolumes>
<minVolumes>0</minVolumes>
<normalForm>Third</normalForm>
<attributes itemClass="oracle.dbtools.crest.model.design.logical.Attribute">
<Attribute name="id_unidad" id="07D693AE-2E7F-BF50-6991-E6D7A4765A52">
<createdBy>Jennifer</createdBy>
<createdTime>2025-09-13 21:18:29 UTC</createdTime>
<ownerDesignName>Exp2_S5_Jennifer_Gonzalez_CasoCentroMedico</ownerDesignName>
<engineerTo>
<item key="7EF82A71-1278-1AC9-B9CA-AF848AA55D42" value="true"/>
</engineerTo>
<useDomainConstraints>false</useDomainConstraints>
<use>1</use>
<logicalDatatype>LOGDT019</logicalDatatype>
<ownDataTypeParameters>,,</ownDataTypeParameters>
</Attribute>
<Attribute name="nombre" id="52BB5967-8F20-1565-FE76-148FB2B38C95">
<createdBy>Jennifer</createdBy>
<createdTime>2025-09-13 21:18:37 UTC</createdTime>
<ownerDesignName>Exp2_S5_Jennifer_Gonzalez_CasoCentroMedico</ownerDesignName>
<engineerTo>
<item key="7EF82A71-1278-1AC9-B9CA-AF848AA55D42" value="true"/>
</engineerTo>
<useDomainConstraints>false</useDomainConstraints>
<use>1</use>
<logicalDatatype>LOGDT024</logicalDatatype>
<dataTypeSize>50</dataTypeSize>
<listOfValues>
<valueDef value="&quot;LABORATORIO CLINICO&quot;" description=""/>
<valueDef value="&quot;MEDICINA GENERAL&quot;" description=""/>
<valueDef value="&quot;SALUD MENTAL&quot;" description=""/>
</listOfValues>
<ownDataTypeParameters>50,,</ownDataTypeParameters>
</Attribute>
</attributes>
<identifiers itemClass="oracle.dbtools.crest.model.design.logical.CandidateKey">
<identifier id="856BA77E-E8BD-0433-1063-461EBB8F029B" name="PK_UNIDAD_ATENCION">
<createdBy>Jennifer</createdBy>
<createdTime>2025-09-13 21:18:37 UTC</createdTime>
<ownerDesignName>Exp2_S5_Jennifer_Gonzalez_CasoCentroMedico</ownerDesignName>
<engineerTo>
<item key="7EF82A71-1278-1AC9-B9CA-AF848AA55D42" value="true"/>
</engineerTo>
<pk>true</pk>
<newElementsIDs>07D693AE-2E7F-BF50-6991-E6D7A4765A52</newElementsIDs>
<usedAttributes>
<attributeRef>07D693AE-2E7F-BF50-6991-E6D7A4765A52</attributeRef>
</usedAttributes>
</identifier>
</identifiers>
</Entity>