<?xml version = '1.0' encoding = 'UTF-8'?>
<Entity class="oracle.dbtools.crest.model.design.logical.Entity" directorySegmentName="seg_0" id="C8628EA9-3CFE-56B8-F65D-E1A429D2B560" name="SOLICITUD_EXAMEN">
<createdBy>jennifer</createdBy>
<createdTime>2025-09-13 03:59:47 UTC</createdTime>
<ownerDesignName>Exp2_S5_Jennifer_Gonzalez_CasoCentroMedico</ownerDesignName>
<engineerTo>
<item key="7EF82A71-1278-1AC9-B9CA-AF848AA55D42" value="true"/>
</engineerTo>
<adequatelyNormalized>NO</adequatelyNormalized>
<expectedVolumes>0</expectedVolumes>
<fwdEngineeringStrategyName>Single Table</fwdEngineeringStrategyName>
<growthPercent>0</growthPercent>
<growthType>Year</growthType>
<maxVolumes>9999999</maxVolumes>
<minVolumes>0</minVolumes>
<normalForm>Third</normalForm>
<attributes itemClass="oracle.dbtools.crest.model.design.logical.Attribute">
<Attribute name="id_solicitud_examen" id="B4B473FB-3144-A913-0798-311E9CF39FC0">
<createdBy>Jennifer</createdBy>
<createdTime>2025-09-13 17:29:01 UTC</createdTime>
<ownerDesignName>Exp2_S5_Jennifer_Gonzalez_CasoCentroMedico</ownerDesignName>
<engineerTo>
<item key="7EF82A71-1278-1AC9-B9CA-AF848AA55D42" value="true"/>
</engineerTo>
<useDomainConstraints>false</useDomainConstraints>
<use>1</use>
<logicalDatatype>LOGDT019</logicalDatatype>
<ownDataTypeParameters>,,</ownDataTypeParameters>
</Attribute>
<Attribute name="fecha" id="E8D39CAA-9403-CB49-D46C-CD232958419E">
<createdBy>Jennifer</createdBy>
<createdTime>2025-09-13 15:52:57 UTC</createdTime>
<ownerDesignName>Exp2_S5_Jennifer_Gonzalez_CasoCentroMedico</ownerDesignName>
<engineerTo>
<item key="7EF82A71-1278-1AC9-B9CA-AF848AA55D42" value="true"/>
</engineerTo>
<useDomainConstraints>false</useDomainConstraints>
<use>1</use>
<logicalDatatype>LOGDT007</logicalDatatype>
<ownDataTypeParameters>,,</ownDataTypeParameters>
</Attribute>
<Attribute name="resultado" id="7E6DD633-701B-15F8-1A4D-D2E6C4C83B97">
<createdBy>Jennifer</createdBy>
<createdTime>2025-09-13 15:53:07 UTC</createdTime>
<ownerDesignName>Exp2_S5_Jennifer_Gonzalez_CasoCentroMedico</ownerDesignName>
<engineerTo>
<item key="7EF82A71-1278-1AC9-B9CA-AF848AA55D42" value="true"/>
</engineerTo>
<useDomainConstraints>false</useDomainConstraints>
<use>1</use>
<logicalDatatype>LOGDT024</logicalDatatype>
<dataTypeSize>200</dataTypeSize>
<ownDataTypeParameters>200,,</ownDataTypeParameters>
</Attribute>
<Attribute name="id_atencion" id="F7A2E8C8-CA68-6398-9F79-3927E5833FC5">
<createdBy>jennifer</createdBy>
<createdTime>2025-09-13 04:02:03 UTC</createdTime>
<generatorID>E18E6C4F-BFB8-94B0-A967-0CEAB007925E</generatorID>
<ownerDesignName>Exp2_S5_Jennifer_Gonzalez_CasoCentroMedico</ownerDesignName>
<engineerTo>
<item key="7EF82A71-1278-1AC9-B9CA-AF848AA55D42" value="true"/>
</engineerTo>
<referedAttribute>882B33A0-49AA-FACD-31A2-14ED1DB350D8</referedAttribute>
<useDomainConstraints>false</useDomainConstraints>
<use>1</use>
<logicalDatatype>LOGDT019</logicalDatatype>
<ownDataTypeParameters>,,</ownDataTypeParameters>
</Attribute>
<Attribute name="id_examen" id="4B824BDE-F608-74EE-5D64-092007CCB1DF">
<createdBy>jennifer</createdBy>
<createdTime>2025-09-13 04:01:36 UTC</createdTime>
<generatorID>ED102817-9F87-E459-D771-8BC00EE165B7</generatorID>
<ownerDesignName>Exp2_S5_Jennifer_Gonzalez_CasoCentroMedico</ownerDesignName>
<engineerTo>
<item key="7EF82A71-1278-1AC9-B9CA-AF848AA55D42" value="true"/>
</engineerTo>
<referedAttribute>142591B3-00A7-AFF2-8B03-D3BC3C1FC78E</referedAttribute>
<useDomainConstraints>false</useDomainConstraints>
<use>1</use>
<logicalDatatype>LOGDT019</logicalDatatype>
<ownDataTypeParameters>,,</ownDataTypeParameters>
</Attribute>
</attributes>
<identifiers itemClass="oracle.dbtools.crest.model.design.logical.CandidateKey">
<identifier id="FD911DB5-2601-C06F-483D-0C48CFB362AA" name="PK_SOLICITUD_EXAMEN">
<createdBy>jennifer</createdBy>
<createdTime>2025-09-13 04:02:18 UTC</createdTime>
<ownerDesignName>Exp2_S5_Jennifer_Gonzalez_CasoCentroMedico</ownerDesignName>
<engineerTo>
<item key="7EF82A71-1278-1AC9-B9CA-AF848AA55D42" value="true"/>
</engineerTo>
<pk>true</pk>
<newElementsIDs>B4B473FB-3144-A913-0798-311E9CF39FC0</newElementsIDs>
<usedAttributes>
<attributeRef>B4B473FB-3144-A913-0798-311E9CF39FC0</attributeRef>
</usedAttributes>
</identifier>
</identifiers>
</Entity>