<?xml version = '1.0' encoding = 'UTF-8'?>
<Entity class="oracle.dbtools.crest.model.design.logical.Entity" directorySegmentName="seg_0" id="F3D88AEE-A73A-48AA-FD38-0397E171404B" name="TIPO_USUARIO">
<createdBy>jennifer</createdBy>
<createdTime>2025-09-13 03:22:45 UTC</createdTime>
<ownerDesignName>Exp2_S5_Jennifer_Gonzalez_CasoCentroMedico</ownerDesignName>
<engineerTo>
<item key="7EF82A71-1278-1AC9-B9CA-AF848AA55D42" value="true"/>
</engineerTo>
<adequatelyNormalized>NO</adequatelyNormalized>
<expectedVolumes>0</expectedVolumes>
<fwdEngineeringStrategyName>Single Table</fwdEngineeringStrategyName>
<growthPercent>0</growthPercent>
<growthType>Year</growthType>
<maxVolumes>9999999</maxVolumes>
<minVolumes>0</minVolumes>
<normalForm>Third</normalForm>
<attributes itemClass="oracle.dbtools.crest.model.design.logical.Attribute">
<Attribute name="id_tipo_usuario" id="C3B14726-48AD-B117-5394-F21BD1A786B6">
<createdBy>jennifer</createdBy>
<createdTime>2025-09-13 03:22:54 UTC</createdTime>
<ownerDesignName>Exp2_S5_Jennifer_Gonzalez_CasoCentroMedico</ownerDesignName>
<engineerTo>
<item key="7EF82A71-1278-1AC9-B9CA-AF848AA55D42" value="true"/>
</engineerTo>
<useDomainConstraints>false</useDomainConstraints>
<use>1</use>
<logicalDatatype>LOGDT019</logicalDatatype>
<ownDataTypeParameters>,,</ownDataTypeParameters>
</Attribute>
<Attribute name="nombre" id="A9A80BD5-515D-1230-2FB9-7FE23019414C">
<createdBy>jennifer</createdBy>
<createdTime>2025-09-13 03:23:06 UTC</createdTime>
<ownerDesignName>Exp2_S5_Jennifer_Gonzalez_CasoCentroMedico</ownerDesignName>
<engineerTo>
<item key="7EF82A71-1278-1AC9-B9CA-AF848AA55D42" value="true"/>
</engineerTo>
<constraintName>CK_TIPO_USUARIO_NOMBRE</constraintName>
<useDomainConstraints>false</useDomainConstraints>
<use>1</use>
<logicalDatatype>LOGDT024</logicalDatatype>
<dataTypeSize>50</dataTypeSize>
<listOfValues>
<valueDef value="&quot;ESTUDIANTE&quot;" description=""/>
<valueDef value="&quot;EXTERNO&quot;" description=""/>
<valueDef value="&quot;FUNCIONARIO&quot;" description=""/>
</listOfValues>
<ownDataTypeParameters>50,,</ownDataTypeParameters>
</Attribute>
</attributes>
<identifiers itemClass="oracle.dbtools.crest.model.design.logical.CandidateKey">
<identifier id="5E7B9983-5B98-93B3-592C-B7B77AEEBD38" name="PK_TIPO_USUARIO">
<createdBy>jennifer</createdBy>
<createdTime>2025-09-13 03:23:05 UTC</createdTime>
<ownerDesignName>Exp2_S5_Jennifer_Gonzalez_CasoCentroMedico</ownerDesignName>
<engineerTo>
<item key="7EF82A71-1278-1AC9-B9CA-AF848AA55D42" value="true"/>
</engineerTo>
<pk>true</pk>
<newElementsIDs>C3B14726-48AD-B117-5394-F21BD1A786B6</newElementsIDs>
<usedAttributes>
<attributeRef>C3B14726-48AD-B117-5394-F21BD1A786B6</attributeRef>
</usedAttributes>
</identifier>
</identifiers>
</Entity>