<?xml version = '1.0' encoding = 'UTF-8'?>
<FKArc class="oracle.dbtools.crest.model.design.relational.FKArc" directorySegmentName="seg_0" id="2B2B5171-4B19-BE52-01FA-A295BDB52C76" name="FKArc_1">
<createdBy>jennifer</createdBy>
<createdTime>2025-09-15 22:51:57 UTC</createdTime>
<ownerDesignName>Exp2_S5_Jennifer_Gonzalez_CasoCentroMedico</ownerDesignName>
<mandatory>false</mandatory>
<reverseArc>true</reverseArc>
<table>6A775441-73AA-D0DD-94D2-68768AFEB6AB</table>
<fkeys>
<fkeyID>65DB75B2-1DB3-EDE1-34C4-AAA798841AAA</fkeyID>
<fkeyID>6CD6017C-CCCF-E72F-4002-BDE47676C8B6</fkeyID>
</fkeys>
</FKArc>