<?xml version = '1.0' encoding = 'UTF-8'?>
<FKArc class="oracle.dbtools.crest.model.design.relational.FKArc" directorySegmentName="seg_0" id="6D25E014-E47D-4AD0-B209-58FAEC02500A" name="FKArc_3">
<createdBy>jennifer</createdBy>
<createdTime>2025-09-15 22:51:57 UTC</createdTime>
<ownerDesignName>Exp2_S5_Jennifer_Gonzalez_CasoCentroMedico</ownerDesignName>
<mandatory>false</mandatory>
<reverseArc>true</reverseArc>
<table>FA8B6634-CBDC-CFD5-60EA-0261255E6241</table>
<fkeys>
<fkeyID>7DF31C37-6812-DF33-42EE-2B5F9D19F21A</fkeyID>
<fkeyID>61068D1C-D529-C981-C06D-B3D32B5A3AED</fkeyID>
</fkeys>
</FKArc>