<?xml version = '1.0' encoding = 'UTF-8'?>
<FKArc class="oracle.dbtools.crest.model.design.relational.FKArc" directorySegmentName="seg_0" id="760B8F0F-86EF-1373-486F-9CD01FD9D284" name="Arc_1">
<createdBy>jennifer</createdBy>
<createdTime>2025-09-15 22:51:57 UTC</createdTime>
<ownerDesignName>Exp2_S5_Jennifer_Gonzalez_CasoCentroMedico</ownerDesignName>
<mandatory>false</mandatory>
<reverseArc>true</reverseArc>
<table>88335B02-BAAB-95EC-F880-A151747C865B</table>
<fkeys>
<fkeyID>5942A1B7-819E-CB02-3046-8303E39F951B</fkeyID>
<fkeyID>8BD37ACA-D852-A09E-101F-E7056DF12E9F</fkeyID>
<fkeyID>5074BA3D-D1F6-D8A1-32CE-33DB6D39F8F3</fkeyID>
</fkeys>
</FKArc>