<?xml version = '1.0' encoding = 'UTF-8'?>
<Arc class="oracle.dbtools.crest.model.design.logical.Arc" directorySegmentName="seg_0" id="6D89F8E2-3C08-B2D9-6200-4290F17814AA" name="Arc_1">
<createdBy>jennifer</createdBy>
<createdTime>2025-09-15 22:26:53 UTC</createdTime>
<ownerDesignName>Exp2_S5_Jennifer_Gonzalez_CasoCentroMedico</ownerDesignName>
<engineerTo>
<item key="7EF82A71-1278-1AC9-B9CA-AF848AA55D42" value="true"/>
</engineerTo>
<entity>1F1E0034-42A1-F17C-9482-792B856D7265</entity>
<relations>
<relationID>9A590E64-1508-CC60-1A16-91ADECD61025</relationID>
<relationID>77EBCC91-C3EC-8A55-DF2E-E3EF48CDEE80</relationID>
<relationID>0589A424-7AAF-B7C9-9128-E386BE1A2CE1</relationID>
</relations>
</Arc>