<?xml version = '1.0' encoding = 'UTF-8'?>
<Arc class="oracle.dbtools.crest.model.design.logical.Arc" directorySegmentName="seg_0" id="9AC79F5B-6E60-60D4-0FC5-48BBB78FB26D" name="Arc_2">
<createdBy>jennifer</createdBy>
<createdTime>2025-09-15 22:33:57 UTC</createdTime>
<ownerDesignName>Exp2_S5_Jennifer_Gonzalez_CasoCentroMedico</ownerDesignName>
<engineerTo>
<item key="7EF82A71-1278-1AC9-B9CA-AF848AA55D42" value="true"/>
</engineerTo>
<entity>17F12E8A-134D-800D-DC1C-4B67B857832C</entity>
<relations>
<relationID>CF283F7E-CA99-F1AF-2D6A-03A3F42E2752</relationID>
<relationID>546004DE-A398-4841-C1F4-EE386F640167</relationID>
</relations>
</Arc>