<?xml version = '1.0' encoding = 'UTF-8'?>
<InheritanceRelation class="oracle.dbtools.crest.model.design.logical.InheritanceRelation" name="Hierarchy_8" directorySegmentName="seg_0" id="546004DE-A398-4841-C1F4-EE386F640167">
<createdBy>jennifer</createdBy>
<createdTime>2025-09-15 22:33:35 UTC</createdTime>
<ownerDesignName>Exp2_S5_Jennifer_Gonzalez_CasoCentroMedico</ownerDesignName>
<engineerTo>
<item key="7EF82A71-1278-1AC9-B9CA-AF848AA55D42" value="true"/>
</engineerTo>
<arc>9AC79F5B-6E60-60D4-0FC5-48BBB78FB26D</arc>
<identifying>false</identifying>
<nameOnSource>Super Type</nameOnSource>
<nameOnTarget>Sub Type</nameOnTarget>
<optionalSource>true</optionalSource>
<optionalTarget>true</optionalTarget>
<sourceEntity>17F12E8A-134D-800D-DC1C-4B67B857832C</sourceEntity>
<targetEntity>F1BF93D0-647E-7EFC-66DC-6DDA1E3464D2</targetEntity>
<transferable>true</transferable>
<deleteRule>NO ACTION</deleteRule>
</InheritanceRelation>