<?xml version = '1.0' encoding = 'UTF-8'?>
<InheritanceRelation class="oracle.dbtools.crest.model.design.logical.InheritanceRelation" name="Hierarchy_6" directorySegmentName="seg_0" id="9A590E64-1508-CC60-1A16-91ADECD61025">
<createdBy>jennifer</createdBy>
<createdTime>2025-09-15 22:25:38 UTC</createdTime>
<ownerDesignName>Exp2_S5_Jennifer_Gonzalez_CasoCentroMedico</ownerDesignName>
<engineerTo>
<item key="7EF82A71-1278-1AC9-B9CA-AF848AA55D42" value="true"/>
</engineerTo>
<arc>6D89F8E2-3C08-B2D9-6200-4290F17814AA</arc>
<identifying>false</identifying>
<nameOnSource>Super Type</nameOnSource>
<nameOnTarget>Sub Type</nameOnTarget>
<optionalSource>true</optionalSource>
<optionalTarget>true</optionalTarget>
<sourceEntity>1F1E0034-42A1-F17C-9482-792B856D7265</sourceEntity>
<targetEntity>7E8BC07B-E6EE-F75F-71BA-B76CA16FD23C</targetEntity>
<transferable>true</transferable>
<deleteRule>NO ACTION</deleteRule>
</InheritanceRelation>