<?xml version = '1.0' encoding = 'UTF-8'?>
<InheritanceRelation class="oracle.dbtools.crest.model.design.logical.InheritanceRelation" name="Hierarchy_7" directorySegmentName="seg_0" id="CF283F7E-CA99-F1AF-2D6A-03A3F42E2752">
<createdBy>jennifer</createdBy>
<createdTime>2025-09-15 22:33:04 UTC</createdTime>
<ownerDesignName>Exp2_S5_Jennifer_Gonzalez_CasoCentroMedico</ownerDesignName>
<engineerTo>
<item key="7EF82A71-1278-1AC9-B9CA-AF848AA55D42" value="true"/>
</engineerTo>
<arc>9AC79F5B-6E60-60D4-0FC5-48BBB78FB26D</arc>
<identifying>false</identifying>
<nameOnSource>Super Type</nameOnSource>
<nameOnTarget>Sub Type</nameOnTarget>
<optionalSource>true</optionalSource>
<optionalTarget>true</optionalTarget>
<sourceEntity>17F12E8A-134D-800D-DC1C-4B67B857832C</sourceEntity>
<targetEntity>92F233A7-5498-8CC7-C16C-3D2E3DAC287C</targetEntity>
<transferable>true</transferable>
<deleteRule>NO ACTION</deleteRule>
</InheritanceRelation>