<?xml version = '1.0' encoding = 'UTF-8'?>
<Diagram class="oracle.dbtools.crest.swingui.relational.DPVRelational" name="Relational_1" id="379593EF-94B1-D634-E567-5FF74F345D52">
<createdBy>jennifer</createdBy>
<modifiedBy>jennifer</modifiedBy>
<createdTime>2025-09-12 19:36:31 UTC</createdTime>
<autoRoute>false</autoRoute>
<boxInbox>false</boxInbox>
<showLegend>false</showLegend>
<showLabels>false</showLabels>
<showRelAttributes>false</showRelAttributes>
<gridEnabled>true</gridEnabled>
<showGrid>false</showGrid>
<diagramColor>-1</diagramColor>
<display>false</display>
<notation>1</notation>
<objectViews>
<OView class="oracle.dbtools.crest.swingui.relational.TVTable" oid="02370A3C-0DB1-C5D7-E715-BC568BD15CA5" otype="Table" vid="CF83C197-44DA-C30E-E9D5-E115545740AE">
<hideElementsInCurrentOnly>false</hideElementsInCurrentOnly>
<bounds x="1230" y="930" width="231" height="71"/>
</OView>
<OView class="oracle.dbtools.crest.swingui.relational.TVTable" oid="0989D437-4503-F3E2-265C-15C8ECA47C8E" otype="Table" vid="B8133EE6-73BA-5B73-60E2-4D833A65E33A">
<hideElementsInCurrentOnly>false</hideElementsInCurrentOnly>
<bounds x="1180" y="450" width="333" height="250"/>
</OView>
<OView class="oracle.dbtools.crest.swingui.relational.TVTable" oid="111287A9-2082-D496-E025-E5B4458AC5F9" otype="Table" vid="FC922A7D-0E7D-F6CD-5484-E39575ACDA21">
<hideElementsInCurrentOnly>false</hideElementsInCurrentOnly>
<bounds x="10" y="550" width="211" height="71"/>
</OView>
<OView class="oracle.dbtools.crest.swingui.relational.TVTable" oid="319D08E5-2441-F0AA-6056-8AE27EC8E855" otype="Table" vid="A922AE05-D11F-03C1-7709-5BF4FEADD5AA">
<hideElementsInCurrentOnly>false</hideElementsInCurrentOnly>
<bounds x="1230" y="760" width="233" height="102"/>
</OView>
<OView class="oracle.dbtools.crest.swingui.relational.TVTable" oid="42C280B8-CD64-0767-AB35-7DEAEF6B8C4D" otype="Table" vid="11377013-318F-43C3-740D-4B421FBC3F65">
<hideElementsInCurrentOnly>false</hideElementsInCurrentOnly>
<bounds x="10" y="10" width="231" height="101"/>
</OView>
<OView class="oracle.dbtools.crest.swingui.relational.TVTable" oid="47F09E14-E780-CCED-5B4C-6B482BBEDF94" otype="Table" vid="6C306050-91A4-24B7-C935-51DFF0523AE3">
<hideElementsInCurrentOnly>false</hideElementsInCurrentOnly>
<bounds x="250" y="750" width="201" height="71"/>
</OView>
<OView class="oracle.dbtools.crest.swingui.relational.TVTable" oid="4E7D04E8-84BB-7EE0-999A-3E3AD5D9DE9F" otype="Table" vid="A8DF5E66-05C2-2916-3823-C84987090B18">
<hideElementsInCurrentOnly>false</hideElementsInCurrentOnly>
<bounds x="10" y="470" width="211" height="71"/>
</OView>
<OView class="oracle.dbtools.crest.swingui.relational.TVTable" oid="5329A4FD-CA8D-C187-CEC4-622930E999E1" otype="Table" vid="D4B3F8B0-3201-C105-545F-0489BD7D74A8">
<hideElementsInCurrentOnly>false</hideElementsInCurrentOnly>
<bounds x="1590" y="10" width="241" height="71"/>
</OView>
<OView class="oracle.dbtools.crest.swingui.relational.TVTable" oid="59769C8B-D890-3A71-10BD-5755F08C5CC0" otype="Table" vid="86F16686-ECE6-9D48-3712-3EBB68212772">
<hideElementsInCurrentOnly>false</hideElementsInCurrentOnly>
<bounds x="1970" y="680" width="271" height="101"/>
</OView>
<OView class="oracle.dbtools.crest.swingui.relational.TVTable" oid="6A775441-73AA-D0DD-94D2-68768AFEB6AB" otype="Table" vid="6DB0399E-02B5-D488-7210-E721394C2754">
<hideElementsInCurrentOnly>false</hideElementsInCurrentOnly>
<bounds x="2250" y="680" width="260" height="102"/>
</OView>
<OView class="oracle.dbtools.crest.swingui.relational.TVTable" oid="7191DDBD-05FA-B133-CD5D-85E34BC20B55" otype="Table" vid="7CFA22BE-92E7-3700-FA8A-1F5607CB2676">
<hideElementsInCurrentOnly>false</hideElementsInCurrentOnly>
<bounds x="2100" y="850" width="290" height="101"/>
</OView>
<OView class="oracle.dbtools.crest.swingui.relational.TVTable" oid="7784A3F9-5AD0-1ACE-FE8E-E9879C464D75" otype="Table" vid="89892107-48AD-8118-688D-A26FAF06673A">
<hideElementsInCurrentOnly>false</hideElementsInCurrentOnly>
<bounds x="1610" y="460" width="201" height="71"/>
</OView>
<OView class="oracle.dbtools.crest.swingui.relational.TVTable" oid="848187B6-A300-47BD-E782-64C4E5D959D3" otype="Table" vid="444AAE9A-DE30-63E4-69B9-D3059901EB26">
<hideElementsInCurrentOnly>false</hideElementsInCurrentOnly>
<bounds x="930" y="10" width="459" height="250"/>
</OView>
<OView class="oracle.dbtools.crest.swingui.relational.TVTable" oid="88335B02-BAAB-95EC-F880-A151747C865B" otype="Table" vid="995E32B9-3F78-B04F-129C-6F9AD0A711B7">
<hideElementsInCurrentOnly>false</hideElementsInCurrentOnly>
<bounds x="1890" y="450" width="396" height="134"/>
</OView>
<OView class="oracle.dbtools.crest.swingui.relational.TVTable" oid="88FEBCDC-B7BF-E1D1-C1C6-189F33A8DBF3" otype="Table" vid="B6D9050E-DF6C-BFE3-469B-DDF482E866B7">
<hideElementsInCurrentOnly>false</hideElementsInCurrentOnly>
<bounds x="1690" y="680" width="272" height="101"/>
</OView>
<OView class="oracle.dbtools.crest.swingui.relational.TVTable" oid="A1C595B8-08F4-1C03-434E-989C45867E32" otype="Table" vid="778B0D49-B523-2473-1DC5-B1ABC873C0DE">
<hideElementsInCurrentOnly>false</hideElementsInCurrentOnly>
<bounds x="1610" y="550" width="201" height="71"/>
</OView>
<OView class="oracle.dbtools.crest.swingui.relational.TVTable" oid="B8C11005-8162-3282-571A-A2460DCCFEB8" otype="Table" vid="B808CCD5-9F69-C243-8DB1-47EC35841383">
<hideElementsInCurrentOnly>false</hideElementsInCurrentOnly>
<bounds x="2400" y="850" width="297" height="102"/>
</OView>
<OView class="oracle.dbtools.crest.swingui.relational.TVTable" oid="C483BA69-2B3F-3793-D783-0890EE646D56" otype="Table" vid="1CC006B8-EB9B-04C9-3A95-3EC269609C14">
<hideElementsInCurrentOnly>false</hideElementsInCurrentOnly>
<bounds x="340" y="10" width="447" height="141"/>
</OView>
<OView class="oracle.dbtools.crest.swingui.relational.TVTable" oid="D8DA52D3-C778-19F3-641B-246BB66A2946" otype="Table" vid="7D40A4AC-7CF8-A788-D578-F924B2C22DE0">
<hideElementsInCurrentOnly>false</hideElementsInCurrentOnly>
<bounds x="470" y="750" width="201" height="71"/>
</OView>
<OView class="oracle.dbtools.crest.swingui.relational.TVTable" oid="E5AC7D49-05E5-956F-33B7-DA91F9871AB3" otype="Table" vid="4A67D0D0-7AE2-F186-A89E-4DC5100090AD">
<hideElementsInCurrentOnly>false</hideElementsInCurrentOnly>
<bounds x="300" y="450" width="346" height="245"/>
</OView>
<OView class="oracle.dbtools.crest.swingui.relational.TVTable" oid="F36C5BCD-AC89-3EDD-E712-B70482E3654C" otype="Table" vid="B86E37F7-A071-E72F-C79A-A9F7B22C176E">
<hideElementsInCurrentOnly>false</hideElementsInCurrentOnly>
<bounds x="1590" y="100" width="241" height="71"/>
</OView>
<OView class="oracle.dbtools.crest.swingui.relational.TVTable" oid="FA8B6634-CBDC-CFD5-60EA-0261255E6241" otype="Table" vid="5E3E5D0B-21CE-DD63-636B-D4061FF5FA79">
<hideElementsInCurrentOnly>false</hideElementsInCurrentOnly>
<bounds x="820" y="500" width="221" height="131"/>
</OView>
</objectViews>
<connectors>
<Connector class="oracle.dbtools.crest.swingui.relational.TVFKRelation" oid="00DC22B7-566F-CA27-F584-A94B4A3EE131" otype="FKIndexAssociation" vid_source="4A67D0D0-7AE2-F186-A89E-4DC5100090AD" vid_target="444AAE9A-DE30-63E4-69B9-D3059901EB26">
<hideElementsInCurrentOnly>false</hideElementsInCurrentOnly>
<backgroundColor>-16777216</backgroundColor>
<lineWidth>1</lineWidth>
<points>
<point x="646" y="510"/>
<point x="780" y="510"/>
<point x="780" y="170"/>
<point x="930" y="170"/>
</points>
</Connector>
<Connector class="oracle.dbtools.crest.swingui.relational.TVFKRelation" oid="0A336FEC-7532-0A06-815D-CFD89BD36B06" otype="FKIndexAssociation" vid_source="CF83C197-44DA-C30E-E9D5-E115545740AE" vid_target="A922AE05-D11F-03C1-7709-5BF4FEADD5AA">
<hideElementsInCurrentOnly>false</hideElementsInCurrentOnly>
<backgroundColor>-16777216</backgroundColor>
<lineWidth>1</lineWidth>
<points>
<point x="1345" y="930"/>
<point x="1345" y="862"/>
</points>
</Connector>
<Connector class="oracle.dbtools.crest.swingui.relational.TVFKRelation" oid="183B5921-0880-612C-D6B5-EA928A3B0436" otype="FKIndexAssociation" vid_source="7D40A4AC-7CF8-A788-D578-F924B2C22DE0" vid_target="4A67D0D0-7AE2-F186-A89E-4DC5100090AD">
<hideElementsInCurrentOnly>false</hideElementsInCurrentOnly>
<backgroundColor>-16777216</backgroundColor>
<lineWidth>1</lineWidth>
<points>
<point x="558" y="750"/>
<point x="558" y="695"/>
</points>
</Connector>
<Connector class="oracle.dbtools.crest.swingui.relational.TVFKRelation" oid="1CF00474-008E-F3B2-1E73-FF007AA25FBB" otype="FKIndexAssociation" vid_source="A922AE05-D11F-03C1-7709-5BF4FEADD5AA" vid_target="B8133EE6-73BA-5B73-60E2-4D833A65E33A">
<hideElementsInCurrentOnly>false</hideElementsInCurrentOnly>
<backgroundColor>-16777216</backgroundColor>
<lineWidth>1</lineWidth>
<points>
<point x="1346" y="760"/>
<point x="1346" y="700"/>
</points>
</Connector>
<Connector class="oracle.dbtools.crest.swingui.relational.TVFKRelation" oid="22803DB1-9FC6-1DD7-4F5B-CF4D3939DE6B" otype="FKIndexAssociation" vid_source="B8133EE6-73BA-5B73-60E2-4D833A65E33A" vid_target="444AAE9A-DE30-63E4-69B9-D3059901EB26">
<hideElementsInCurrentOnly>false</hideElementsInCurrentOnly>
<backgroundColor>-16777216</backgroundColor>
<lineWidth>1</lineWidth>
<points>
<point x="1180" y="490"/>
<point x="1100" y="490"/>
<point x="1100" y="260"/>
</points>
</Connector>
<Connector class="oracle.dbtools.crest.swingui.relational.TVFKRelation" oid="2C708C35-8351-5924-CFC1-D158243E6EA2" otype="FKIndexAssociation" vid_source="778B0D49-B523-2473-1DC5-B1ABC873C0DE" vid_target="B8133EE6-73BA-5B73-60E2-4D833A65E33A">
<hideElementsInCurrentOnly>false</hideElementsInCurrentOnly>
<backgroundColor>-16777216</backgroundColor>
<lineWidth>1</lineWidth>
<points>
<point x="1610" y="585"/>
<point x="1513" y="585"/>
</points>
</Connector>
<Connector class="oracle.dbtools.crest.swingui.relational.TVFKRelation" oid="49644124-3ACE-B8DC-264D-095985ED793D" otype="FKIndexAssociation" vid_source="B86E37F7-A071-E72F-C79A-A9F7B22C176E" vid_target="444AAE9A-DE30-63E4-69B9-D3059901EB26">
<hideElementsInCurrentOnly>false</hideElementsInCurrentOnly>
<backgroundColor>-16777216</backgroundColor>
<lineWidth>1</lineWidth>
<points>
<point x="1590" y="135"/>
<point x="1389" y="135"/>
</points>
</Connector>
<Connector class="oracle.dbtools.crest.swingui.relational.TVFKRelation" oid="5074BA3D-D1F6-D8A1-32CE-33DB6D39F8F3" otype="FKIndexAssociation" vid_source="995E32B9-3F78-B04F-129C-6F9AD0A711B7" vid_target="6DB0399E-02B5-D488-7210-E721394C2754">
<hideElementsInCurrentOnly>false</hideElementsInCurrentOnly>
<backgroundColor>-16777216</backgroundColor>
<lineWidth>1</lineWidth>
<points>
<point x="2268" y="584"/>
<point x="2268" y="680"/>
</points>
</Connector>
<Connector class="oracle.dbtools.crest.swingui.relational.TVFKRelation" oid="566CC481-F4A7-B1ED-F40C-8936A285E0EE" otype="FKIndexAssociation" vid_source="444AAE9A-DE30-63E4-69B9-D3059901EB26" vid_target="1CC006B8-EB9B-04C9-3A95-3EC269609C14">
<hideElementsInCurrentOnly>false</hideElementsInCurrentOnly>
<backgroundColor>-16777216</backgroundColor>
<lineWidth>1</lineWidth>
<points>
<point x="930" y="80"/>
<point x="787" y="80"/>
</points>
</Connector>
<Connector class="oracle.dbtools.crest.swingui.relational.TVFKRelation" oid="577908AD-C68A-26A8-63F9-7845F09A1F03" otype="FKIndexAssociation" vid_source="6C306050-91A4-24B7-C935-51DFF0523AE3" vid_target="4A67D0D0-7AE2-F186-A89E-4DC5100090AD">
<hideElementsInCurrentOnly>false</hideElementsInCurrentOnly>
<backgroundColor>-16777216</backgroundColor>
<lineWidth>1</lineWidth>
<points>
<point x="375" y="750"/>
<point x="375" y="695"/>
</points>
</Connector>
<Connector class="oracle.dbtools.crest.swingui.relational.TVFKRelation" oid="5942A1B7-819E-CB02-3046-8303E39F951B" otype="FKIndexAssociation" vid_source="995E32B9-3F78-B04F-129C-6F9AD0A711B7" vid_target="B6D9050E-DF6C-BFE3-469B-DDF482E866B7">
<hideElementsInCurrentOnly>false</hideElementsInCurrentOnly>
<backgroundColor>-16777216</backgroundColor>
<lineWidth>1</lineWidth>
<points>
<point x="1926" y="584"/>
<point x="1926" y="680"/>
</points>
</Connector>
<Connector class="oracle.dbtools.crest.swingui.relational.TVFKRelation" oid="6039E1B9-6FA4-D0DD-FCCF-3A3189A30E9E" otype="FKIndexAssociation" vid_source="11377013-318F-43C3-740D-4B421FBC3F65" vid_target="1CC006B8-EB9B-04C9-3A95-3EC269609C14">
<hideElementsInCurrentOnly>false</hideElementsInCurrentOnly>
<backgroundColor>-16777216</backgroundColor>
<lineWidth>1</lineWidth>
<points>
<point x="241" y="75"/>
<point x="340" y="75"/>
</points>
</Connector>
<Connector class="oracle.dbtools.crest.swingui.relational.TVFKRelation" oid="61068D1C-D529-C981-C06D-B3D32B5A3AED" otype="FKIndexAssociation" vid_source="5E3E5D0B-21CE-DD63-636B-D4061FF5FA79" vid_target="4A67D0D0-7AE2-F186-A89E-4DC5100090AD">
<hideElementsInCurrentOnly>false</hideElementsInCurrentOnly>
<backgroundColor>-16777216</backgroundColor>
<lineWidth>1</lineWidth>
<points>
<point x="820" y="565"/>
<point x="646" y="565"/>
</points>
</Connector>
<Connector class="oracle.dbtools.crest.swingui.relational.TVFKRelation" oid="65DB75B2-1DB3-EDE1-34C4-AAA798841AAA" otype="FKIndexAssociation" vid_source="6DB0399E-02B5-D488-7210-E721394C2754" vid_target="7CFA22BE-92E7-3700-FA8A-1F5607CB2676">
<hideElementsInCurrentOnly>false</hideElementsInCurrentOnly>
<backgroundColor>-16777216</backgroundColor>
<lineWidth>1</lineWidth>
<points>
<point x="2320" y="782"/>
<point x="2320" y="850"/>
</points>
</Connector>
<Connector class="oracle.dbtools.crest.swingui.relational.TVFKRelation" oid="6A91514C-FC3B-C74C-4713-7C5A1D53155A" otype="FKIndexAssociation" vid_source="D4B3F8B0-3201-C105-545F-0489BD7D74A8" vid_target="444AAE9A-DE30-63E4-69B9-D3059901EB26">
<hideElementsInCurrentOnly>false</hideElementsInCurrentOnly>
<backgroundColor>-16777216</backgroundColor>
<lineWidth>1</lineWidth>
<points>
<point x="1590" y="45"/>
<point x="1389" y="45"/>
</points>
</Connector>
<Connector class="oracle.dbtools.crest.swingui.relational.TVFKRelation" oid="6CD6017C-CCCF-E72F-4002-BDE47676C8B6" otype="FKIndexAssociation" vid_source="6DB0399E-02B5-D488-7210-E721394C2754" vid_target="B808CCD5-9F69-C243-8DB1-47EC35841383">
<hideElementsInCurrentOnly>false</hideElementsInCurrentOnly>
<backgroundColor>-16777216</backgroundColor>
<lineWidth>1</lineWidth>
<points>
<point x="2455" y="782"/>
<point x="2455" y="850"/>
</points>
</Connector>
<Connector class="oracle.dbtools.crest.swingui.relational.TVFKRelation" oid="7DF31C37-6812-DF33-42EE-2B5F9D19F21A" otype="FKIndexAssociation" vid_source="5E3E5D0B-21CE-DD63-636B-D4061FF5FA79" vid_target="B8133EE6-73BA-5B73-60E2-4D833A65E33A">
<hideElementsInCurrentOnly>false</hideElementsInCurrentOnly>
<backgroundColor>-16777216</backgroundColor>
<lineWidth>1</lineWidth>
<points>
<point x="1041" y="565"/>
<point x="1180" y="565"/>
</points>
</Connector>
<Connector class="oracle.dbtools.crest.swingui.relational.TVFKRelation" oid="85EEAEF5-7BAB-FF07-9C6E-BFA9C75B8083" otype="FKIndexAssociation" vid_source="995E32B9-3F78-B04F-129C-6F9AD0A711B7" vid_target="444AAE9A-DE30-63E4-69B9-D3059901EB26">
<hideElementsInCurrentOnly>false</hideElementsInCurrentOnly>
<backgroundColor>-16777216</backgroundColor>
<lineWidth>1</lineWidth>
<points>
<point x="2060" y="450"/>
<point x="2060" y="209"/>
<point x="1389" y="209"/>
</points>
</Connector>
<Connector class="oracle.dbtools.crest.swingui.relational.TVFKRelation" oid="8BD37ACA-D852-A09E-101F-E7056DF12E9F" otype="FKIndexAssociation" vid_source="995E32B9-3F78-B04F-129C-6F9AD0A711B7" vid_target="86F16686-ECE6-9D48-3712-3EBB68212772">
<hideElementsInCurrentOnly>false</hideElementsInCurrentOnly>
<backgroundColor>-16777216</backgroundColor>
<lineWidth>1</lineWidth>
<points>
<point x="2105" y="584"/>
<point x="2105" y="680"/>
</points>
</Connector>
<Connector class="oracle.dbtools.crest.swingui.relational.TVFKRelation" oid="9607608F-B6AA-FB3A-BDA7-822A93BDBFC5" otype="FKIndexAssociation" vid_source="4A67D0D0-7AE2-F186-A89E-4DC5100090AD" vid_target="4A67D0D0-7AE2-F186-A89E-4DC5100090AD">
<hideElementsInCurrentOnly>false</hideElementsInCurrentOnly>
<backgroundColor>-16777216</backgroundColor>
<lineWidth>1</lineWidth>
<points>
<point x="646" y="479"/>
<point x="690" y="479"/>
<point x="690" y="420"/>
<point x="601" y="420"/>
<point x="601" y="450"/>
</points>
</Connector>
<Connector class="oracle.dbtools.crest.swingui.relational.TVFKRelation" oid="96F4861F-7575-E0BD-B58A-EA783848A1FE" otype="FKIndexAssociation" vid_source="89892107-48AD-8118-688D-A26FAF06673A" vid_target="B8133EE6-73BA-5B73-60E2-4D833A65E33A">
<hideElementsInCurrentOnly>false</hideElementsInCurrentOnly>
<backgroundColor>-16777216</backgroundColor>
<lineWidth>1</lineWidth>
<points>
<point x="1610" y="495"/>
<point x="1513" y="495"/>
</points>
</Connector>
<Connector class="oracle.dbtools.crest.swingui.relational.TVFKRelation" oid="A9D0663D-113B-3468-DF50-AAC45C06BC9B" otype="FKIndexAssociation" vid_source="FC922A7D-0E7D-F6CD-5484-E39575ACDA21" vid_target="4A67D0D0-7AE2-F186-A89E-4DC5100090AD">
<hideElementsInCurrentOnly>false</hideElementsInCurrentOnly>
<backgroundColor>-16777216</backgroundColor>
<lineWidth>1</lineWidth>
<points>
<point x="221" y="585"/>
<point x="300" y="585"/>
</points>
</Connector>
<Connector class="oracle.dbtools.crest.swingui.relational.TVFKRelation" oid="B452857B-3617-2ED6-C20A-FABA80E4472B" otype="FKIndexAssociation" vid_source="A8DF5E66-05C2-2916-3823-C84987090B18" vid_target="4A67D0D0-7AE2-F186-A89E-4DC5100090AD">
<hideElementsInCurrentOnly>false</hideElementsInCurrentOnly>
<backgroundColor>-16777216</backgroundColor>
<lineWidth>1</lineWidth>
<points>
<point x="221" y="505"/>
<point x="300" y="505"/>
</points>
</Connector>
<Connector class="oracle.dbtools.crest.swingui.relational.TVFKRelation" oid="FBEE562A-9C5A-3087-6A5C-2FD501E9D781" otype="FKIndexAssociation" vid_source="444AAE9A-DE30-63E4-69B9-D3059901EB26" vid_target="995E32B9-3F78-B04F-129C-6F9AD0A711B7">
<hideElementsInCurrentOnly>false</hideElementsInCurrentOnly>
<backgroundColor>-16777216</backgroundColor>
<lineWidth>1</lineWidth>
<points>
<point x="1389" y="231"/>
<point x="2040" y="231"/>
<point x="2040" y="450"/>
</points>
</Connector>
</connectors>
<arcs>
<Arc class="oracle.dbtools.crest.swingui.relational.TVFKArc" oid="2B2B5171-4B19-BE52-01FA-A295BDB52C76" otype="FKArc" vid="20F9F32E-1BE3-8351-B29F-B2FD9E5202A3">
<hideElementsInCurrentOnly>false</hideElementsInCurrentOnly>
<bounds x="2230" y="660" width="300" height="142"/>
</Arc>
<Arc class="oracle.dbtools.crest.swingui.relational.TVFKArc" oid="670AE9F1-5E73-C6A2-47E6-6F148810DDA7" otype="FKArc" vid="44EDE9B2-2F06-2DBE-EDD1-1BCA4584D510">
<hideElementsInCurrentOnly>false</hideElementsInCurrentOnly>
<bounds x="1870" y="430" width="436" height="174"/>
</Arc>
<Arc class="oracle.dbtools.crest.swingui.relational.TVFKArc" oid="6D25E014-E47D-4AD0-B209-58FAEC02500A" otype="FKArc" vid="D54822F6-E32C-7E27-766D-A84CAF944672">
<hideElementsInCurrentOnly>false</hideElementsInCurrentOnly>
<bounds x="800" y="480" width="261" height="171"/>
</Arc>
<Arc class="oracle.dbtools.crest.swingui.relational.TVFKArc" oid="760B8F0F-86EF-1373-486F-9CD01FD9D284" otype="FKArc" vid="F98514B4-A493-494C-A537-8D9115450AD0">
<hideElementsInCurrentOnly>false</hideElementsInCurrentOnly>
<bounds x="1850" y="410" width="476" height="214"/>
</Arc>
<Arc class="oracle.dbtools.crest.swingui.relational.TVFKArc" oid="78C2D62C-D555-DF0C-E72F-B3384504B822" otype="FKArc" vid="54E24D03-3C74-D403-32D5-E413F1DE362B">
<hideElementsInCurrentOnly>false</hideElementsInCurrentOnly>
<bounds x="2210" y="640" width="340" height="182"/>
</Arc>
</arcs>
</Diagram>